short_code,original_url
dKbJ2q,https://opswise.net/quiet/valley/1
Eg80MF,https://opswise.net/proud/pioneer/2
8OoV86,https://example.com/forest/canyon/3
uVDFL4,https://opswise.net/young/river/4
giFxwc,https://acme.dev/silver/uplink/5
Xfo9We,https://opswise.net/forest/garden/6
myMEiL,https://acme.dev/dawn/valley/7
w9Fhs9,https://seeded.app/rapid/delta/8
bhrbWC,https://seeded.app/ember/uplink/9
KY0rmX,https://relay.cloud/harbor/lagoon/10
qjx2wA,https://opswise.net/ivory/pioneer/11
ygA8Qw,https://opswise.net/proud/canyon/12
zwNDg7,https://acme.dev/clear/beacon/13
xdeP0Q,https://example.com/clear/garden/14
3XoEOe,https://seeded.app/opal/island/15
yItMZV,https://example.com/urban/field/16
7kl5U7,https://acme.dev/quiet/meadow/17
IECjqf,https://opswise.net/brisk/beacon/18
H5TlmS,https://example.com/amber/delta/19
uGP35E,https://seeded.app/vivid/beacon/20
7bfRzj,https://opswise.net/urban/engine/21
WmaXFe,https://opswise.net/lively/yard/22
oc9m8l,https://hackstack.io/keen/lagoon/23
vzudyW,https://acme.dev/cobalt/window/24
kcDltP,https://example.com/cobalt/delta/25
sCtbkw,https://acme.dev/navy/valley/26
oJk1HK,https://example.com/harbor/river/27
AijXYB,https://relay.cloud/lively/orbit/28
n5gVEC,https://example.com/calm/signal/29
ImhVkx,https://example.com/brisk/garden/30
2pWMQY,https://example.com/proud/valley/31
7ASVDe,https://example.com/cobalt/uplink/32
hJ4kMV,https://opswise.net/warm/orbit/33
mDnUAC,https://seeded.app/brisk/quartz/34
jYbxPP,https://example.com/forest/quartz/35
F0XLh4,https://acme.dev/brisk/field/36
xUovFb,https://acme.dev/opal/garden/37
C3FT44,https://opswise.net/keen/quartz/38
58NeEs,https://example.com/young/anchor/39
Qlx6JB,https://relay.cloud/opal/window/40
5Td2PB,https://relay.cloud/proud/journey/41
YI27uN,https://opswise.net/silver/river/42
Ilok2l,https://relay.cloud/ivory/meadow/43
KUtayb,https://relay.cloud/opal/garden/44
C5gvKd,https://seeded.app/urban/island/45
SONbWY,https://seeded.app/warm/beacon/46
CPFt3p,https://example.com/vivid/orbit/47
wGRCZA,https://acme.dev/gold/orbit/48
6975KF,https://hackstack.io/mellow/signal/49
CANjI7,https://seeded.app/navy/anchor/50
V1IoTA,https://seeded.app/young/window/51
riatwj,https://hackstack.io/lively/pioneer/52
SRgNpx,https://opswise.net/harbor/island/53
7fxtnk,https://seeded.app/harbor/harvest/54
6O3NP9,https://example.com/vivid/valley/55
YONxBB,https://seeded.app/warm/anchor/56
J6rVvJ,https://acme.dev/calm/orbit/57
0tgj3n,https://example.com/jade/uplink/58
zL1zCl,https://opswise.net/gold/beacon/59
kwE5r1,https://acme.dev/urban/trail/60
BTSA7S,https://seeded.app/vivid/orbit/61
fWCqpo,https://example.com/jade/beacon/62
nbJn5G,https://opswise.net/forest/meadow/63
3wbbR1,https://example.com/navy/island/64
p3wth4,https://acme.dev/clear/zenith/65
ta5IDY,https://hackstack.io/vivid/delta/66
5gT4yb,https://seeded.app/quiet/quartz/67
SQBJuI,https://opswise.net/quiet/meadow/68
aDfn87,https://hackstack.io/navy/uplink/69
Y0DUTK,https://seeded.app/silver/delta/70
b25ez0,https://example.com/silver/delta/71
wYAawl,https://seeded.app/proud/engine/72
Aast2I,https://acme.dev/navy/valley/73
5aFTxv,https://example.com/gold/window/74
4PaeJ9,https://acme.dev/lively/zenith/75
7XINXn,https://seeded.app/harbor/journey/76
UBHPjf,https://acme.dev/clear/beacon/77
Qy2g6z,https://acme.dev/tidy/quartz/78
IEknKA,https://example.com/forest/zenith/79
2scEbF,https://example.com/forest/river/80
qs8TdX,https://opswise.net/lively/zenith/81
cHEcvq,https://relay.cloud/amber/canyon/82
BkUqXK,https://acme.dev/vivid/quartz/83
y0dtcR,https://opswise.net/forest/pioneer/84
oZmv5c,https://hackstack.io/dawn/harvest/85
hkPqA3,https://example.com/young/pioneer/86
fClqOZ,https://hackstack.io/warm/orbit/87
ORdPEL,https://hackstack.io/vivid/meadow/88
7N3fFg,https://example.com/amber/journey/89
3g2TsO,https://example.com/brisk/lagoon/90
N8LcAK,https://seeded.app/urban/engine/91
CVuC8B,https://acme.dev/rapid/engine/92
KxpGc7,https://hackstack.io/silver/island/93
WEb8ZR,https://relay.cloud/dawn/lagoon/94
P601CV,https://relay.cloud/keen/valley/95
NmrlJB,https://seeded.app/gold/river/96
5wl0MH,https://relay.cloud/young/quartz/97
R6Oqyf,https://acme.dev/mellow/uplink/98
D7FSqV,https://acme.dev/brisk/journey/99
zshkzW,https://hackstack.io/keen/trail/100
BAisRC,https://opswise.net/proud/yard/101
MFbPCg,https://example.com/jade/window/102
8loB6n,https://seeded.app/ivory/island/103
TbQgnm,https://seeded.app/young/window/104
jTpjYC,https://seeded.app/dawn/signal/105
wNZF8I,https://acme.dev/amber/signal/106
vCOc6i,https://opswise.net/clear/valley/107
3OCOpY,https://acme.dev/opal/beacon/108
pCNiJR,https://opswise.net/proud/zenith/109
ha9CSv,https://acme.dev/keen/garden/110
hqLbB2,https://acme.dev/brisk/beacon/111
A9zVEF,https://acme.dev/mellow/trail/112
zj2LFW,https://example.com/dawn/pioneer/113
WB8bIh,https://example.com/quiet/quartz/114
BtVRK4,https://opswise.net/cobalt/anchor/115
wQ9XLw,https://seeded.app/silver/signal/116
W7g2ws,https://seeded.app/forest/yard/117
cMWwi2,https://seeded.app/tidy/island/118
sRi6h8,https://acme.dev/ivory/field/119
LIm5ZM,https://hackstack.io/cobalt/pioneer/120
yWyEHl,https://example.com/dawn/engine/121
RlVvjU,https://opswise.net/warm/river/122
Q9rqnv,https://example.com/warm/delta/123
qTjqX9,https://acme.dev/ember/window/124
YLyXih,https://opswise.net/harbor/kernel/125
jUuwyV,https://hackstack.io/brisk/island/126
mwQRoj,https://opswise.net/vivid/signal/127
bMnsKP,https://seeded.app/opal/anchor/128
UTmij4,https://example.com/keen/harvest/129
5B20cM,https://opswise.net/rapid/kernel/130
jYh3gK,https://seeded.app/clear/beacon/131
cQFuUz,https://relay.cloud/navy/network/132
9NcaCa,https://acme.dev/urban/trail/133
GxRskD,https://acme.dev/ember/engine/134
Yc4E3s,https://opswise.net/ivory/canyon/135
AgmEOu,https://hackstack.io/young/pioneer/136
BOOqo6,https://opswise.net/keen/uplink/137
ebwJsw,https://acme.dev/navy/valley/138
rtLd5l,https://acme.dev/ember/lagoon/139
PF27kE,https://hackstack.io/gold/kernel/140
m3Y1uj,https://example.com/cobalt/engine/141
Memdf7,https://seeded.app/gold/yard/142
XIqC2S,https://hackstack.io/tidy/garden/143
PK2VKY,https://acme.dev/calm/window/144
wLbWoc,https://opswise.net/proud/journey/145
Y7ATDO,https://opswise.net/brisk/yard/146
UU1wui,https://opswise.net/young/canyon/147
10vFt4,https://relay.cloud/opal/pioneer/148
tQcIuA,https://acme.dev/dawn/field/149
aNd77p,https://hackstack.io/ember/journey/150
emYoS0,https://seeded.app/urban/island/151
00AIuW,https://opswise.net/warm/valley/152
wQ3nVX,https://hackstack.io/clear/garden/153
F762eJ,https://acme.dev/lively/canyon/154
bt7Vf4,https://opswise.net/harbor/network/155
iczrDj,https://relay.cloud/lively/anchor/156
2jpERf,https://opswise.net/lively/pioneer/157
aok0Zo,https://opswise.net/keen/meadow/158
ZqDyhW,https://hackstack.io/jade/canyon/159
QGGhXG,https://acme.dev/quiet/lagoon/160
WZytbz,https://relay.cloud/brisk/beacon/161
E0BKaa,https://relay.cloud/tidy/signal/162
etqxbS,https://example.com/harbor/garden/163
c9rGF5,https://example.com/navy/engine/164
B1vjv0,https://acme.dev/lively/lagoon/165
iEHfDo,https://relay.cloud/forest/signal/166
X2tvHV,https://seeded.app/harbor/island/167
3h1KJf,https://hackstack.io/dawn/engine/168
xKytMy,https://example.com/keen/orbit/169
jh7w9S,https://acme.dev/calm/kernel/170
2Lg3Ev,https://opswise.net/opal/trail/171
FFe4NM,https://example.com/jade/orbit/172
C6QUJh,https://hackstack.io/gold/island/173
ckY57e,https://opswise.net/jade/garden/174
16RdFU,https://acme.dev/cobalt/yard/175
eJKouq,https://opswise.net/calm/river/176
4qOz8g,https://seeded.app/cobalt/engine/177
unxXbK,https://opswise.net/tidy/orbit/178
HE78qq,https://example.com/mellow/delta/179
lHr99V,https://example.com/young/orbit/180
Roz0Ty,https://hackstack.io/calm/canyon/181
pvzlpC,https://acme.dev/vivid/kernel/182
MrYJUJ,https://hackstack.io/mellow/zenith/183
SPQ5ed,https://relay.cloud/proud/harvest/184
ZRyz7x,https://opswise.net/young/garden/185
RewBSc,https://opswise.net/mellow/anchor/186
E2wOyc,https://seeded.app/forest/garden/187
pYU0oK,https://seeded.app/cobalt/kernel/188
TWIuir,https://seeded.app/dawn/zenith/189
ednOKO,https://relay.cloud/quiet/river/190
4WeDbd,https://seeded.app/rapid/zenith/191
M4l9ny,https://hackstack.io/lively/beacon/192
5AlVd2,https://seeded.app/cobalt/island/193
Nat6W6,https://opswise.net/proud/beacon/194
KLK8ZI,https://hackstack.io/dawn/river/195
OtIjxw,https://seeded.app/forest/orbit/196
Uoo3Sg,https://seeded.app/brisk/field/197
Iz1FcM,https://seeded.app/rapid/zenith/198
DvUf0I,https://opswise.net/brisk/uplink/199
tWWj09,https://relay.cloud/urban/harvest/200
jBAv6U,https://acme.dev/harbor/signal/201
H2hb1i,https://example.com/ivory/window/202
8Rl0mW,https://seeded.app/ivory/valley/203
3F8OSw,https://seeded.app/clear/signal/204
tHsBrC,https://example.com/lively/harvest/205
aQLzf7,https://example.com/urban/harvest/206
flACRv,https://example.com/keen/engine/207
07ey0W,https://acme.dev/warm/meadow/208
Xs1rUI,https://acme.dev/young/signal/209
hZwYNw,https://example.com/amber/signal/210
9svLqB,https://opswise.net/gold/anchor/211
i3NHFn,https://hackstack.io/calm/orbit/212
oaLhu9,https://opswise.net/young/canyon/213
JZeTRh,https://acme.dev/dawn/meadow/214
fGS7PD,https://hackstack.io/tidy/anchor/215
I6kBfp,https://opswise.net/dawn/journey/216
tQr1j3,https://acme.dev/silver/harvest/217
eGno4y,https://hackstack.io/proud/zenith/218
7popVr,https://opswise.net/amber/delta/219
EHCgNe,https://acme.dev/jade/meadow/220
SR7Lp7,https://example.com/keen/field/221
T8TQEb,https://relay.cloud/navy/field/222
Gx8ral,https://acme.dev/gold/uplink/223
9A9U2L,https://seeded.app/navy/lagoon/224
Dvm6FY,https://hackstack.io/vivid/garden/225
miZT8F,https://acme.dev/young/window/226
AwX2pM,https://acme.dev/mellow/field/227
I8ZMcc,https://seeded.app/warm/meadow/228
jN6psU,https://example.com/calm/uplink/229
Z5306h,https://relay.cloud/quiet/meadow/230
GjY0ud,https://seeded.app/clear/yard/231
1WnPHQ,https://seeded.app/silver/window/232
j8FylH,https://opswise.net/cobalt/network/233
DkzQm1,https://hackstack.io/keen/valley/234
U9OoAF,https://example.com/vivid/uplink/235
iN9HAL,https://relay.cloud/calm/engine/236
6zrVC4,https://opswise.net/cobalt/uplink/237
au07NL,https://hackstack.io/lively/river/238
ELOAKn,https://opswise.net/quiet/anchor/239
MKQPOZ,https://example.com/silver/delta/240
k0iRyz,https://opswise.net/ivory/window/241
GZAVtK,https://opswise.net/amber/delta/242
AL6Gbg,https://hackstack.io/urban/field/243
K4cHnP,https://acme.dev/tidy/delta/244
INpcHR,https://acme.dev/ember/river/245
Xr3hfh,https://opswise.net/lively/uplink/246
L53dlM,https://example.com/gold/harvest/247
lUtRVx,https://acme.dev/urban/anchor/248
Jqo6CT,https://example.com/proud/canyon/249
PCh69S,https://example.com/gold/garden/250
aat3J7,https://opswise.net/navy/kernel/251
apqPhv,https://relay.cloud/lively/pioneer/252
On7m3G,https://hackstack.io/proud/canyon/253
BvUk9W,https://relay.cloud/amber/canyon/254
d6WQ0O,https://acme.dev/mellow/network/255
DV17Sz,https://seeded.app/brisk/meadow/256
AFGQHW,https://hackstack.io/navy/yard/257
Bvtm2X,https://opswise.net/gold/river/258
zIR8rP,https://hackstack.io/ember/journey/259
tTh9aw,https://relay.cloud/calm/window/260
KNZ0jh,https://hackstack.io/keen/river/261
YKON0y,https://hackstack.io/warm/anchor/262
2RSg4I,https://example.com/harbor/uplink/263
64EH6P,https://relay.cloud/opal/meadow/264
rBiwX6,https://relay.cloud/urban/journey/265
aP90X5,https://acme.dev/jade/anchor/266
mlChag,https://seeded.app/young/valley/267
iFBfXM,https://opswise.net/vivid/beacon/268
lBxINV,https://relay.cloud/keen/delta/269
O1I2mL,https://relay.cloud/dawn/network/270
GQ122p,https://relay.cloud/harbor/lagoon/271
TR60Xt,https://relay.cloud/brisk/delta/272
ig97S7,https://opswise.net/vivid/orbit/273
rUPWwj,https://example.com/dawn/canyon/274
fH854c,https://relay.cloud/clear/lagoon/275
VyV00g,https://hackstack.io/mellow/engine/276
dX3PNK,https://acme.dev/dawn/kernel/277
0NnKrN,https://relay.cloud/amber/yard/278
9kI8Ij,https://example.com/tidy/lagoon/279
NJrUvB,https://opswise.net/silver/anchor/280
a4OhrR,https://relay.cloud/urban/valley/281
RnBbOP,https://example.com/warm/lagoon/282
l5c2FC,https://hackstack.io/calm/journey/283
JEamCP,https://example.com/rapid/delta/284
Ddplww,https://relay.cloud/gold/anchor/285
y5gk0M,https://opswise.net/harbor/uplink/286
2AvLFc,https://acme.dev/calm/garden/287
YAPD71,https://opswise.net/navy/valley/288
zjO1Pr,https://relay.cloud/ivory/garden/289
UAh87f,https://hackstack.io/opal/meadow/290
9nQldV,https://hackstack.io/quiet/journey/291
8kf7Zl,https://acme.dev/rapid/delta/292
rg206J,https://example.com/warm/quartz/293
YIwyAZ,https://acme.dev/jade/orbit/294
KGsn1k,https://relay.cloud/gold/island/295
dHNWG5,https://relay.cloud/jade/kernel/296
111gvs,https://acme.dev/proud/zenith/297
UIovd7,https://relay.cloud/keen/island/298
Qxfhal,https://acme.dev/clear/island/299
eSH83j,https://hackstack.io/young/beacon/300
Koasem,https://example.com/navy/anchor/301
GoK5Lx,https://seeded.app/dawn/meadow/302
iB3OIf,https://acme.dev/keen/signal/303
636mFk,https://opswise.net/quiet/journey/304
MzxCR3,https://example.com/amber/delta/305
zyXO5g,https://example.com/rapid/canyon/306
MyjWaa,https://seeded.app/dawn/lagoon/307
zLJ0i4,https://relay.cloud/amber/quartz/308
cQ2Qc1,https://seeded.app/ember/uplink/309
TI0fG8,https://relay.cloud/opal/delta/310
fKn79w,https://seeded.app/navy/canyon/311
nNU3Rs,https://example.com/silver/lagoon/312
6eH7Hd,https://opswise.net/forest/zenith/313
VBmyuH,https://acme.dev/brisk/garden/314
d6GrMB,https://relay.cloud/gold/window/315
5GW6Xo,https://hackstack.io/navy/anchor/316
lTkbJ8,https://hackstack.io/opal/lagoon/317
a5ELi4,https://example.com/navy/window/318
FGOdY2,https://example.com/proud/window/319
SsWkU2,https://hackstack.io/vivid/beacon/320
vxBM36,https://seeded.app/forest/field/321
7zukSO,https://opswise.net/gold/trail/322
cp0NZN,https://hackstack.io/proud/anchor/323
WrDPwV,https://hackstack.io/calm/engine/324
oYq56X,https://seeded.app/opal/yard/325
OPDwru,https://acme.dev/calm/delta/326
Uhyy1p,https://relay.cloud/clear/field/327
klY9OF,https://hackstack.io/lively/signal/328
qylGAT,https://hackstack.io/keen/yard/329
m89yoG,https://example.com/clear/signal/330
RMsF2j,https://acme.dev/rapid/harvest/331
85N3Ul,https://relay.cloud/harbor/meadow/332
IrIYRO,https://hackstack.io/opal/yard/333
fy7gLh,https://opswise.net/quiet/zenith/334
BLkaFl,https://seeded.app/amber/pioneer/335
jiSowL,https://acme.dev/cobalt/pioneer/336
LjaWFp,https://acme.dev/tidy/anchor/337
CJMZhV,https://relay.cloud/vivid/trail/338
tO1LXU,https://acme.dev/urban/quartz/339
4XK4Oj,https://hackstack.io/brisk/island/340
S3ndlS,https://example.com/jade/field/341
krVkWw,https://relay.cloud/keen/uplink/342
uuacNE,https://relay.cloud/quiet/trail/343
WqkGmE,https://example.com/brisk/pioneer/344
9xBCNI,https://acme.dev/cobalt/zenith/345
tOPTuj,https://seeded.app/silver/quartz/346
v5NSi0,https://opswise.net/proud/yard/347
Tg6YBZ,https://opswise.net/calm/beacon/348
ikC4SF,https://example.com/warm/pioneer/349
7xyLB9,https://opswise.net/harbor/trail/350
NCezmo,https://example.com/vivid/delta/351
SbFIuu,https://seeded.app/quiet/zenith/352
uttFWO,https://acme.dev/gold/harvest/353
hd8Bbh,https://seeded.app/dawn/island/354
bcXfbt,https://opswise.net/urban/harvest/355
rSjhEc,https://example.com/ivory/lagoon/356
m9Ibpt,https://opswise.net/keen/beacon/357
wYu38N,https://acme.dev/young/trail/358
ms6WIt,https://opswise.net/lively/delta/359
QW9as7,https://opswise.net/urban/meadow/360
Sb8ptU,https://relay.cloud/ivory/engine/361
akQERO,https://hackstack.io/ember/beacon/362
UcWOTL,https://seeded.app/amber/trail/363
tETt6w,https://acme.dev/harbor/pioneer/364
tQdCBM,https://example.com/proud/network/365
5GdvEX,https://example.com/mellow/orbit/366
bA0gkU,https://seeded.app/harbor/engine/367
2ZBzI4,https://hackstack.io/harbor/delta/368
Jpze6i,https://seeded.app/rapid/river/369
li98sV,https://opswise.net/silver/island/370
ws5VQJ,https://opswise.net/gold/orbit/371
qXrwXv,https://opswise.net/amber/harvest/372
grvoMJ,https://relay.cloud/calm/orbit/373
fQAps9,https://seeded.app/forest/orbit/374
f0hcKc,https://acme.dev/proud/valley/375
BgR846,https://opswise.net/lively/trail/376
FAx42B,https://opswise.net/keen/field/377
eyXycN,https://example.com/vivid/delta/378
UlQv7d,https://hackstack.io/brisk/signal/379
JEhb7N,https://hackstack.io/urban/pioneer/380
qIXLWi,https://acme.dev/keen/yard/381
glxom9,https://relay.cloud/amber/meadow/382
z431v3,https://acme.dev/amber/delta/383
5AKwc8,https://hackstack.io/lively/zenith/384
UtHey1,https://opswise.net/ivory/trail/385
IZUxfK,https://opswise.net/navy/garden/386
2BBOLU,https://relay.cloud/keen/network/387
lyZmWP,https://relay.cloud/jade/network/388
vtMbze,https://opswise.net/opal/garden/389
872BrT,https://hackstack.io/brisk/window/390
2luqYg,https://acme.dev/rapid/meadow/391
Onqob3,https://acme.dev/navy/signal/392
onJa0j,https://hackstack.io/clear/delta/393
PP1HPe,https://seeded.app/warm/window/394
EsByDy,https://example.com/jade/window/395
gtyZOm,https://acme.dev/rapid/island/396
Ktls0n,https://hackstack.io/gold/anchor/397
E46dLx,https://seeded.app/quiet/engine/398
zhayfF,https://example.com/forest/river/399
54wuG8,https://opswise.net/rapid/pioneer/400
wR5rth,https://seeded.app/ivory/garden/401
ViODjm,https://example.com/ivory/field/402
NJ6DOL,https://seeded.app/proud/river/403
LCcHHz,https://acme.dev/vivid/garden/404
S9vIdd,https://relay.cloud/warm/journey/405
xdCXlU,https://acme.dev/opal/trail/406
ZCUvgc,https://seeded.app/keen/field/407
H5pXBz,https://hackstack.io/ember/window/408
g01aXU,https://example.com/rapid/meadow/409
9qX5h6,https://seeded.app/navy/trail/410
Qu9dk0,https://example.com/dawn/harvest/411
xNpAxI,https://seeded.app/warm/engine/412
k5Lmuc,https://opswise.net/jade/zenith/413
51gYTQ,https://example.com/amber/beacon/414
QSlKyp,https://acme.dev/gold/valley/415
96TXiy,https://opswise.net/dawn/harvest/416
VSwdGB,https://relay.cloud/harbor/signal/417
Y8T4q2,https://acme.dev/dawn/yard/418
YX658W,https://acme.dev/vivid/anchor/419
Crp7cU,https://example.com/urban/field/420
pUnLaY,https://relay.cloud/young/meadow/421
W1k6hW,https://seeded.app/ivory/river/422
0HKot9,https://relay.cloud/silver/harvest/423
QqZ9zX,https://opswise.net/vivid/river/424
yiRmfq,https://example.com/lively/beacon/425
azxOGR,https://acme.dev/quiet/yard/426
gDQrKE,https://example.com/brisk/lagoon/427
hh7lM1,https://hackstack.io/keen/field/428
6U0nTk,https://hackstack.io/opal/kernel/429
FRkvdZ,https://relay.cloud/vivid/trail/430
vYg2tb,https://hackstack.io/cobalt/orbit/431
gMUBUv,https://opswise.net/brisk/meadow/432
hDxK9z,https://acme.dev/harbor/harvest/433
C4U0m4,https://example.com/ember/window/434
Scb6rV,https://relay.cloud/amber/trail/435
mTSIhE,https://acme.dev/tidy/orbit/436
wFEYfK,https://seeded.app/ivory/garden/437
rTBdGO,https://hackstack.io/brisk/meadow/438
KaZUwG,https://relay.cloud/young/beacon/439
rRhxdM,https://hackstack.io/dawn/trail/440
Ou8Bny,https://seeded.app/brisk/harvest/441
CRpybF,https://example.com/navy/field/442
1rCrpx,https://example.com/gold/river/443
LFMB5a,https://relay.cloud/jade/journey/444
Yqf8AK,https://relay.cloud/ivory/signal/445
LDCe19,https://hackstack.io/silver/island/446
zjporj,https://example.com/harbor/field/447
ZQMMqv,https://example.com/amber/network/448
nWvGQ3,https://example.com/lively/uplink/449
cWXudA,https://acme.dev/forest/pioneer/450
QGcRSk,https://seeded.app/cobalt/island/451
YRxFVk,https://opswise.net/ivory/island/452
yNSvSL,https://hackstack.io/opal/journey/453
6epULZ,https://example.com/harbor/signal/454
5OkKgA,https://acme.dev/ivory/harvest/455
H7lGvG,https://seeded.app/harbor/canyon/456
9p7pyq,https://opswise.net/gold/signal/457
cWUka7,https://example.com/proud/anchor/458
z8lG27,https://seeded.app/proud/field/459
mOvNJr,https://relay.cloud/opal/canyon/460
omQLD3,https://example.com/amber/yard/461
G2H2ix,https://example.com/harbor/harvest/462
WNUKqM,https://relay.cloud/young/harvest/463
3uUY5C,https://hackstack.io/tidy/valley/464
ssHwG4,https://relay.cloud/ivory/journey/465
UgSunO,https://example.com/mellow/window/466
jFxHuv,https://example.com/gold/river/467
YIvYmH,https://acme.dev/clear/field/468
GgTTWC,https://seeded.app/amber/zenith/469
zsb0VB,https://hackstack.io/navy/network/470
HB3me6,https://relay.cloud/silver/harvest/471
qi9YBI,https://relay.cloud/keen/field/472
JsDcIr,https://acme.dev/navy/canyon/473
sT4DS8,https://example.com/lively/uplink/474
UCUCjE,https://example.com/navy/trail/475
83Cgbi,https://acme.dev/young/orbit/476
5iTnok,https://hackstack.io/forest/harvest/477
d5FkYT,https://hackstack.io/clear/garden/478
25fTYF,https://hackstack.io/cobalt/trail/479
ZyJKOr,https://relay.cloud/keen/pioneer/480
OWHRl2,https://example.com/young/window/481
IWgaUb,https://opswise.net/tidy/meadow/482
J2Bha5,https://example.com/rapid/lagoon/483
IAVOJX,https://seeded.app/urban/orbit/484
CblYXe,https://relay.cloud/navy/garden/485
wJmTSD,https://hackstack.io/gold/pioneer/486
K5ZvMp,https://seeded.app/navy/lagoon/487
qePXfN,https://acme.dev/cobalt/uplink/488
NW9N3Z,https://hackstack.io/young/network/489
3u0KXE,https://opswise.net/ember/beacon/490
j9NKFz,https://seeded.app/urban/network/491
zyPUE4,https://hackstack.io/warm/harvest/492
7y3u9V,https://acme.dev/lively/island/493
psLYv4,https://acme.dev/warm/anchor/494
bD45xN,https://example.com/keen/river/495
jut0mW,https://acme.dev/rapid/harvest/496
bofyTS,https://opswise.net/harbor/field/497
T0tvPV,https://opswise.net/navy/network/498
KQ9I2m,https://relay.cloud/quiet/journey/499
fBEhFp,https://relay.cloud/proud/uplink/500
Pn2WKY,https://opswise.net/proud/canyon/501
ZmZ9SA,https://hackstack.io/harbor/anchor/502
Qpqj47,https://example.com/dawn/delta/503
QRXBFa,https://acme.dev/urban/quartz/504
FhMar9,https://seeded.app/amber/signal/505
Qf97na,https://opswise.net/tidy/signal/506
B1ZwHC,https://seeded.app/proud/orbit/507
Yj4QXH,https://seeded.app/forest/yard/508
T9aZwH,https://hackstack.io/cobalt/garden/509
Ckjhqj,https://hackstack.io/ember/island/510
3Q1zOz,https://relay.cloud/keen/uplink/511
MMbmor,https://seeded.app/keen/zenith/512
FwXihn,https://opswise.net/clear/delta/513
EO8BLB,https://acme.dev/lively/orbit/514
5Vo1H1,https://opswise.net/navy/engine/515
gAky6z,https://opswise.net/mellow/signal/516
jortQJ,https://relay.cloud/brisk/zenith/517
Cx2Qlu,https://relay.cloud/amber/quartz/518
CGe7Rq,https://hackstack.io/navy/journey/519
XOiT7X,https://relay.cloud/dawn/field/520
SHvXTZ,https://relay.cloud/calm/meadow/521
KevD3X,https://acme.dev/tidy/yard/522
aq7q0a,https://seeded.app/clear/signal/523
FpgGVJ,https://seeded.app/calm/valley/524
ROxfmm,https://hackstack.io/silver/window/525
lBXNUT,https://opswise.net/lively/harvest/526
HK75BM,https://relay.cloud/jade/window/527
4FQaNn,https://example.com/opal/signal/528
xe4ZGz,https://relay.cloud/keen/anchor/529
TVWwSZ,https://relay.cloud/calm/kernel/530
2dEnBw,https://acme.dev/lively/engine/531
nJ446n,https://relay.cloud/keen/orbit/532
14YYRX,https://hackstack.io/young/meadow/533
Sxi5gI,https://example.com/dawn/window/534
0f0bCP,https://relay.cloud/vivid/harvest/535
4dZYO5,https://seeded.app/calm/uplink/536
WPE1Vq,https://hackstack.io/vivid/lagoon/537
Tvx8GO,https://seeded.app/ember/network/538
i9gBE0,https://acme.dev/quiet/window/539
UItJqe,https://opswise.net/jade/network/540
WcSR6Q,https://acme.dev/opal/anchor/541
lBODTg,https://hackstack.io/clear/field/542
qVXNKD,https://seeded.app/young/field/543
fM706b,https://seeded.app/tidy/engine/544
TDlwCm,https://relay.cloud/tidy/delta/545
xg9aUt,https://opswise.net/navy/canyon/546
mgQ0Qs,https://seeded.app/warm/valley/547
QF9GkT,https://example.com/brisk/lagoon/548
7zWC86,https://relay.cloud/tidy/yard/549
KSty59,https://opswise.net/silver/network/550
qJqKLW,https://acme.dev/silver/network/551
kAu7Wt,https://hackstack.io/clear/quartz/552
sNUVOM,https://hackstack.io/silver/engine/553
49ctd6,https://hackstack.io/quiet/trail/554
yDeGj9,https://seeded.app/quiet/network/555
Vj5Lx8,https://hackstack.io/harbor/signal/556
o57ns9,https://hackstack.io/quiet/quartz/557
tsCUmB,https://hackstack.io/warm/delta/558
nWhbpg,https://relay.cloud/mellow/canyon/559
O90AX4,https://relay.cloud/jade/valley/560
00WfgB,https://hackstack.io/ember/quartz/561
1YfOuQ,https://acme.dev/jade/delta/562
e7H5BW,https://opswise.net/cobalt/engine/563
LtjUEO,https://opswise.net/silver/orbit/564
yl8HvP,https://hackstack.io/dawn/canyon/565
p6XJOs,https://example.com/mellow/island/566
R98KZ0,https://example.com/tidy/journey/567
8veCBm,https://relay.cloud/gold/garden/568
LBfLLW,https://opswise.net/brisk/island/569
AemFuM,https://opswise.net/amber/engine/570
feeyXb,https://relay.cloud/rapid/orbit/571
kL8Wyy,https://seeded.app/clear/pioneer/572
4GV38x,https://seeded.app/jade/pioneer/573
xVDDMu,https://acme.dev/quiet/island/574
swygSJ,https://seeded.app/clear/meadow/575
24kcBO,https://seeded.app/brisk/window/576
qZHDRq,https://example.com/mellow/signal/577
oR2lEv,https://example.com/rapid/window/578
U1cWgt,https://opswise.net/opal/delta/579
HkSlmq,https://opswise.net/calm/canyon/580
pb465b,https://acme.dev/navy/kernel/581
VtweEm,https://acme.dev/proud/meadow/582
X8CCja,https://relay.cloud/rapid/uplink/583
ifze86,https://acme.dev/quiet/uplink/584
s9zn0p,https://hackstack.io/urban/beacon/585
1A2Nmc,https://relay.cloud/silver/field/586
phPh1x,https://relay.cloud/brisk/meadow/587
wlmz27,https://relay.cloud/urban/engine/588
5DNEFE,https://example.com/dawn/engine/589
1wwBmD,https://example.com/young/quartz/590
aS3q4c,https://hackstack.io/brisk/window/591
3Qi9HS,https://opswise.net/opal/canyon/592
WLX1J1,https://example.com/dawn/journey/593
lV31s8,https://acme.dev/mellow/river/594
LiFFog,https://example.com/cobalt/pioneer/595
FCzx8X,https://opswise.net/jade/lagoon/596
NLa7Fp,https://example.com/tidy/meadow/597
LphG4J,https://relay.cloud/quiet/garden/598
k93JEO,https://opswise.net/gold/quartz/599
QB8cB6,https://example.com/urban/delta/600
6zR5VJ,https://seeded.app/warm/beacon/601
FBpN6W,https://acme.dev/amber/field/602
5PQcRP,https://acme.dev/navy/valley/603
quLtxM,https://example.com/forest/pioneer/604
l4vIKK,https://relay.cloud/jade/journey/605
dvD0Zl,https://hackstack.io/cobalt/valley/606
JkOYLL,https://relay.cloud/calm/garden/607
IKMeGl,https://seeded.app/tidy/delta/608
yAB5Cg,https://example.com/brisk/quartz/609
bGzaAm,https://relay.cloud/cobalt/anchor/610
Ans2m9,https://opswise.net/ivory/journey/611
dNX85S,https://relay.cloud/brisk/canyon/612
xuUYxl,https://example.com/ivory/island/613
FXT7lX,https://relay.cloud/amber/zenith/614
2ZCpw0,https://seeded.app/navy/kernel/615
zEsnRf,https://hackstack.io/jade/network/616
XO0PGL,https://relay.cloud/warm/engine/617
2zRttq,https://hackstack.io/gold/delta/618
C60Qrj,https://opswise.net/quiet/orbit/619
0gLCUr,https://relay.cloud/proud/trail/620
BA9deC,https://opswise.net/lively/yard/621
jZ7AkY,https://acme.dev/vivid/harvest/622
sxMCR7,https://seeded.app/tidy/river/623
7tkzzp,https://seeded.app/rapid/journey/624
FgWvni,https://relay.cloud/tidy/lagoon/625
FOpH3C,https://hackstack.io/harbor/orbit/626
5DbTmV,https://relay.cloud/jade/river/627
A8Ppqe,https://hackstack.io/tidy/window/628
6JdNB2,https://opswise.net/opal/engine/629
nRznRM,https://hackstack.io/ivory/meadow/630
Zlux1a,https://opswise.net/cobalt/beacon/631
pFFpYZ,https://relay.cloud/navy/uplink/632
9ZHk0F,https://acme.dev/brisk/river/633
SVcfoe,https://opswise.net/lively/uplink/634
B3fFCv,https://hackstack.io/harbor/field/635
zoyvCg,https://relay.cloud/amber/quartz/636
vehecZ,https://example.com/rapid/valley/637
JU6ZLc,https://seeded.app/vivid/harvest/638
Xf7SHj,https://example.com/dawn/delta/639
hH49MF,https://seeded.app/jade/river/640
rKxyfu,https://acme.dev/young/delta/641
7sJAbS,https://example.com/calm/garden/642
Yw89aq,https://opswise.net/proud/garden/643
NpnYEf,https://seeded.app/calm/anchor/644
zoSz6q,https://relay.cloud/harbor/valley/645
hoIwSY,https://seeded.app/calm/island/646
hPP8SL,https://relay.cloud/calm/lagoon/647
C6ouWf,https://seeded.app/young/uplink/648
EgiZpN,https://relay.cloud/lively/pioneer/649
zu3gKq,https://seeded.app/forest/delta/650
9ofKbS,https://hackstack.io/dawn/journey/651
VynVJN,https://acme.dev/ivory/yard/652
QHlo8n,https://acme.dev/mellow/valley/653
7GuXML,https://hackstack.io/gold/island/654
zFAcL2,https://seeded.app/mellow/pioneer/655
tcSwYI,https://opswise.net/young/garden/656
DBcEx4,https://relay.cloud/cobalt/garden/657
9AzMlP,https://relay.cloud/clear/river/658
6Vpvfp,https://acme.dev/dawn/canyon/659
Ov58Mm,https://hackstack.io/rapid/trail/660
lfFa09,https://opswise.net/lively/journey/661
ZhtYYw,https://example.com/urban/anchor/662
9gL1AF,https://seeded.app/opal/delta/663
d5zy7n,https://seeded.app/amber/garden/664
Fml7IU,https://relay.cloud/silver/engine/665
x8fktb,https://acme.dev/gold/signal/666
rxNEhb,https://acme.dev/silver/engine/667
itQMDd,https://opswise.net/forest/yard/668
YotR7W,https://example.com/quiet/yard/669
2KMyrN,https://acme.dev/gold/trail/670
YbF5dm,https://hackstack.io/forest/signal/671
MbIjkS,https://opswise.net/tidy/delta/672
nxnwER,https://acme.dev/silver/trail/673
wWLZKN,https://relay.cloud/forest/quartz/674
02JGgX,https://opswise.net/lively/delta/675
Q5ipE4,https://hackstack.io/vivid/garden/676
ci6HLp,https://acme.dev/harbor/engine/677
QYMjeN,https://example.com/urban/journey/678
JUq81r,https://seeded.app/forest/island/679
gz2qaP,https://hackstack.io/young/lagoon/680
NgIGRQ,https://opswise.net/amber/uplink/681
r46KMb,https://relay.cloud/brisk/island/682
NxURrM,https://seeded.app/forest/harvest/683
66PsPa,https://example.com/dawn/trail/684
EEqhcx,https://opswise.net/gold/engine/685
AJfJ83,https://acme.dev/navy/field/686
okLtvf,https://acme.dev/rapid/journey/687
b0Qyn1,https://hackstack.io/silver/delta/688
9utgD5,https://seeded.app/quiet/signal/689
LCbHDn,https://acme.dev/opal/garden/690
Nu41jP,https://seeded.app/cobalt/garden/691
1ER7gI,https://hackstack.io/forest/canyon/692
d9hSb0,https://hackstack.io/mellow/delta/693
2Xtkr8,https://hackstack.io/cobalt/anchor/694
8UXkMw,https://opswise.net/tidy/river/695
yr4JQP,https://relay.cloud/mellow/journey/696
rZRAE2,https://opswise.net/gold/garden/697
C6L4vO,https://opswise.net/calm/network/698
IkOxlc,https://acme.dev/tidy/quartz/699
uGCxCN,https://hackstack.io/jade/field/700
1JM8vq,https://opswise.net/gold/window/701
fOsLIW,https://opswise.net/urban/journey/702
3NUo57,https://relay.cloud/clear/beacon/703
sEQvgj,https://hackstack.io/rapid/valley/704
SoJ3C7,https://acme.dev/urban/river/705
hxKleS,https://hackstack.io/navy/uplink/706
inhJ0I,https://opswise.net/cobalt/window/707
CAAZTA,https://relay.cloud/ember/engine/708
Du5i46,https://hackstack.io/warm/network/709
awi68Z,https://acme.dev/forest/river/710
e0YW6y,https://opswise.net/gold/garden/711
tpa1aZ,https://acme.dev/ivory/beacon/712
MG4TAc,https://opswise.net/keen/yard/713
dkVWok,https://hackstack.io/calm/engine/714
axsImK,https://opswise.net/tidy/island/715
kctmPH,https://seeded.app/calm/river/716
BAL8uP,https://seeded.app/dawn/meadow/717
xzkcrw,https://opswise.net/warm/network/718
yzv2kt,https://seeded.app/warm/orbit/719
vGJjaK,https://seeded.app/jade/valley/720
iFwr7u,https://opswise.net/silver/trail/721
yuFnnE,https://hackstack.io/navy/island/722
bvnbum,https://relay.cloud/tidy/zenith/723
fAh21w,https://hackstack.io/ember/signal/724
Chw9BG,https://relay.cloud/warm/harvest/725
v2PcSb,https://example.com/lively/canyon/726
ttFmga,https://opswise.net/quiet/anchor/727
ncwA2A,https://hackstack.io/navy/window/728
yB5KA1,https://seeded.app/navy/journey/729
dq5Sy0,https://seeded.app/dawn/window/730
edPUPf,https://seeded.app/young/field/731
vEQDp3,https://relay.cloud/dawn/kernel/732
uEXFhY,https://relay.cloud/calm/window/733
rSj4gI,https://opswise.net/clear/anchor/734
GmMwTd,https://seeded.app/dawn/river/735
86skSt,https://example.com/vivid/field/736
JbtxgA,https://opswise.net/forest/harvest/737
IFN4Jx,https://relay.cloud/dawn/island/738
eixDT2,https://example.com/gold/uplink/739
jMpKGa,https://hackstack.io/navy/beacon/740
bfhJqr,https://example.com/navy/harvest/741
0TsjZ6,https://acme.dev/urban/network/742
5sZ9kT,https://hackstack.io/gold/island/743
VMEUbd,https://hackstack.io/urban/meadow/744
r63sKI,https://acme.dev/forest/garden/745
ydcy8R,https://acme.dev/calm/journey/746
PBsJQR,https://hackstack.io/urban/pioneer/747
jMPLI3,https://seeded.app/lively/trail/748
EihGUY,https://seeded.app/rapid/canyon/749
9FV7FK,https://example.com/dawn/trail/750
recdxc,https://seeded.app/rapid/engine/751
tSAAHU,https://seeded.app/proud/pioneer/752
GIPP34,https://acme.dev/opal/uplink/753
s4mRpi,https://relay.cloud/calm/valley/754
mb5Mnv,https://hackstack.io/mellow/harvest/755
S9byOl,https://seeded.app/proud/trail/756
nPd7Zp,https://example.com/warm/river/757
SH0Smk,https://acme.dev/dawn/delta/758
zQQrQ7,https://opswise.net/ember/island/759
JZvHL2,https://opswise.net/rapid/orbit/760
WcTI93,https://relay.cloud/amber/pioneer/761
iS2L6G,https://hackstack.io/quiet/garden/762
PPsegZ,https://seeded.app/navy/signal/763
eyGdYy,https://acme.dev/harbor/island/764
QDawKN,https://acme.dev/ivory/lagoon/765
k7ihdp,https://hackstack.io/keen/journey/766
wQIO0I,https://example.com/keen/journey/767
ZXHd6r,https://acme.dev/brisk/pioneer/768
gO5Epn,https://hackstack.io/navy/window/769
Y8dmUj,https://example.com/calm/engine/770
ZEuLP2,https://seeded.app/calm/garden/771
70Fwil,https://seeded.app/keen/zenith/772
ccQvFZ,https://opswise.net/ember/lagoon/773
I4D0vX,https://hackstack.io/cobalt/journey/774
WxtSwZ,https://acme.dev/young/beacon/775
NKodBp,https://acme.dev/silver/engine/776
7A3gaN,https://hackstack.io/amber/meadow/777
uEk4PG,https://seeded.app/gold/harvest/778
89Buic,https://relay.cloud/calm/canyon/779
PAWxoT,https://opswise.net/harbor/orbit/780
VM1Kah,https://seeded.app/warm/network/781
l1cUkK,https://relay.cloud/harbor/canyon/782
nm2npf,https://seeded.app/cobalt/uplink/783
zOxroc,https://relay.cloud/warm/quartz/784
jaYMli,https://opswise.net/tidy/river/785
ddOlmL,https://acme.dev/silver/beacon/786
6SZudj,https://seeded.app/jade/signal/787
J7OdoR,https://hackstack.io/keen/meadow/788
2vjzU3,https://example.com/keen/delta/789
1fHdRG,https://hackstack.io/opal/engine/790
vcMKQs,https://hackstack.io/silver/window/791
slsLAK,https://relay.cloud/silver/anchor/792
dpiLrc,https://example.com/warm/anchor/793
uA5F4U,https://acme.dev/young/field/794
936gsT,https://relay.cloud/cobalt/valley/795
xYEnxX,https://hackstack.io/calm/beacon/796
NWszia,https://acme.dev/quiet/field/797
6J21TE,https://opswise.net/harbor/window/798
yK29pm,https://hackstack.io/urban/anchor/799
Cwc36j,https://relay.cloud/lively/garden/800
vFQkHE,https://acme.dev/amber/delta/801
Dzgtuz,https://opswise.net/gold/network/802
KJVLSV,https://seeded.app/navy/kernel/803
xpJPxA,https://acme.dev/opal/journey/804
aixMyk,https://example.com/navy/field/805
TZm5ft,https://example.com/harbor/network/806
wAmSXu,https://opswise.net/brisk/network/807
Ap7nFK,https://acme.dev/calm/quartz/808
JlaICE,https://opswise.net/young/yard/809
PsgJAV,https://relay.cloud/forest/anchor/810
YKeobf,https://hackstack.io/warm/river/811
nAiybI,https://opswise.net/ember/lagoon/812
UEybFa,https://example.com/ember/meadow/813
a5V9JN,https://seeded.app/ivory/window/814
69Viba,https://opswise.net/warm/journey/815
DTKyZ2,https://opswise.net/dawn/orbit/816
AW5Nup,https://relay.cloud/forest/valley/817
wfcXZ2,https://relay.cloud/ivory/engine/818
WNWq2e,https://acme.dev/calm/uplink/819
DIfIp8,https://hackstack.io/urban/beacon/820
A3bNYg,https://opswise.net/silver/harvest/821
yoVlPM,https://relay.cloud/silver/harvest/822
Lp4vML,https://relay.cloud/brisk/quartz/823
oZdOp3,https://acme.dev/opal/uplink/824
nSrQX7,https://opswise.net/silver/zenith/825
Rm4RRv,https://relay.cloud/silver/zenith/826
TT3KQI,https://opswise.net/ember/signal/827
0PYaXC,https://seeded.app/ember/lagoon/828
Qqg8HK,https://hackstack.io/keen/kernel/829
AOs1A0,https://seeded.app/lively/beacon/830
n6Gb01,https://hackstack.io/keen/island/831
7hfY9N,https://seeded.app/rapid/pioneer/832
Az0Y4p,https://hackstack.io/forest/island/833
FOZGPY,https://seeded.app/mellow/field/834
LxqjGN,https://acme.dev/mellow/pioneer/835
SxhRrZ,https://acme.dev/opal/canyon/836
qvqXQ1,https://example.com/harbor/anchor/837
SxogPx,https://hackstack.io/tidy/uplink/838
yLxaH6,https://opswise.net/cobalt/island/839
MMcMoT,https://opswise.net/proud/island/840
CW65yF,https://acme.dev/keen/yard/841
dQQizy,https://relay.cloud/young/signal/842
XuBcna,https://seeded.app/harbor/window/843
cEFofd,https://example.com/mellow/network/844
8ntEXs,https://relay.cloud/calm/river/845
BxY6ii,https://seeded.app/quiet/valley/846
EPoRAu,https://relay.cloud/brisk/beacon/847
PGFFJ8,https://hackstack.io/silver/valley/848
BEDekW,https://example.com/navy/anchor/849
xaPAQZ,https://example.com/quiet/uplink/850
Ave1E8,https://example.com/harbor/network/851
18rKCs,https://hackstack.io/warm/valley/852
cS9gvk,https://acme.dev/lively/trail/853
pAZ6h8,https://relay.cloud/young/engine/854
Sv8U2Z,https://seeded.app/navy/garden/855
fKhLC2,https://example.com/proud/quartz/856
W0ECof,https://example.com/quiet/network/857
hLlof5,https://relay.cloud/gold/network/858
zR8faE,https://seeded.app/vivid/beacon/859
EH3vah,https://relay.cloud/forest/kernel/860
GU1NYq,https://acme.dev/ivory/canyon/861
OJKxme,https://example.com/proud/lagoon/862
i6nOvE,https://hackstack.io/forest/island/863
iJ9nGo,https://seeded.app/cobalt/quartz/864
kQCQQY,https://seeded.app/silver/anchor/865
ZVR7ss,https://seeded.app/quiet/anchor/866
GcEQl2,https://hackstack.io/warm/zenith/867
NFtzQF,https://example.com/gold/uplink/868
4N4Wqz,https://hackstack.io/silver/garden/869
Y5X0cz,https://opswise.net/calm/pioneer/870
jBzm7Z,https://hackstack.io/forest/zenith/871
bslxy0,https://example.com/navy/signal/872
sCw8op,https://opswise.net/urban/canyon/873
62yevd,https://seeded.app/gold/delta/874
2bhecm,https://example.com/young/lagoon/875
cwhz4J,https://acme.dev/silver/yard/876
FuTP2c,https://hackstack.io/quiet/canyon/877
tgpF6s,https://acme.dev/keen/canyon/878
sh6rNU,https://example.com/quiet/harvest/879
ufY67N,https://example.com/clear/meadow/880
GoMB5n,https://hackstack.io/proud/orbit/881
gkm9dx,https://example.com/calm/garden/882
iqKVcr,https://example.com/amber/beacon/883
bz6Tp3,https://hackstack.io/rapid/delta/884
NnAxGD,https://opswise.net/ivory/yard/885
MsNrhW,https://seeded.app/cobalt/beacon/886
bi2ZXO,https://example.com/mellow/network/887
FPRA74,https://relay.cloud/forest/kernel/888
0PXwRF,https://opswise.net/forest/journey/889
wm40VO,https://example.com/opal/harvest/890
oyVTJX,https://opswise.net/tidy/anchor/891
q1dD2L,https://relay.cloud/urban/island/892
KiXYX6,https://example.com/dawn/island/893
ABbK9J,https://opswise.net/clear/engine/894
XYjt1D,https://opswise.net/lively/river/895
igaLIw,https://acme.dev/vivid/network/896
rnQd0v,https://acme.dev/ember/window/897
zYyPeU,https://acme.dev/quiet/meadow/898
BDw2mI,https://relay.cloud/ember/journey/899
tT22Fg,https://example.com/opal/network/900
VZyC6D,https://opswise.net/proud/anchor/901
wcc7io,https://hackstack.io/clear/zenith/902
rb2jty,https://relay.cloud/cobalt/network/903
sEVXeN,https://example.com/proud/pioneer/904
RABRz0,https://seeded.app/mellow/valley/905
Gu8qq9,https://acme.dev/navy/yard/906
CZ7Z8d,https://hackstack.io/tidy/pioneer/907
vZP6W5,https://seeded.app/clear/field/908
CNYmd6,https://hackstack.io/navy/kernel/909
F0GpHF,https://example.com/calm/uplink/910
OX5QQP,https://relay.cloud/ivory/uplink/911
qRm8HI,https://hackstack.io/cobalt/trail/912
llwMdh,https://seeded.app/mellow/uplink/913
IA7gtQ,https://opswise.net/forest/lagoon/914
RgWolx,https://example.com/brisk/meadow/915
hes095,https://acme.dev/navy/yard/916
MqME9S,https://seeded.app/amber/signal/917
rMa3xt,https://relay.cloud/rapid/network/918
TFnzKw,https://opswise.net/amber/quartz/919
Ng8OG8,https://seeded.app/vivid/anchor/920
ohVNJr,https://example.com/urban/beacon/921
y9y7cy,https://seeded.app/tidy/quartz/922
55uYp7,https://opswise.net/silver/orbit/923
EQ8Zpk,https://example.com/clear/canyon/924
ahAuLF,https://acme.dev/warm/river/925
BNIBQW,https://seeded.app/mellow/island/926
BOcDzS,https://acme.dev/cobalt/river/927
hcH3Or,https://hackstack.io/amber/lagoon/928
qfuKY7,https://acme.dev/opal/trail/929
LYCbeQ,https://seeded.app/harbor/window/930
L9spS0,https://relay.cloud/forest/network/931
aDEQOF,https://opswise.net/dawn/engine/932
hPbjSC,https://acme.dev/calm/island/933
qglq2i,https://hackstack.io/young/canyon/934
zZt4x0,https://seeded.app/quiet/river/935
H2KdIy,https://acme.dev/cobalt/network/936
ma9c6q,https://seeded.app/navy/lagoon/937
C0439g,https://relay.cloud/lively/kernel/938
fcpxXb,https://acme.dev/quiet/pioneer/939
HHDnkM,https://relay.cloud/mellow/delta/940
UZF2EN,https://hackstack.io/brisk/pioneer/941
79HOH3,https://example.com/keen/lagoon/942
Q86KL7,https://acme.dev/amber/anchor/943
JA6KDn,https://seeded.app/opal/field/944
0L7qC0,https://example.com/forest/island/945
aB39bf,https://seeded.app/keen/uplink/946
0VNuWj,https://opswise.net/silver/beacon/947
fBiMmQ,https://hackstack.io/clear/zenith/948
crYQ2b,https://acme.dev/amber/network/949
XHyVyA,https://relay.cloud/gold/quartz/950
H7G3Rl,https://acme.dev/opal/harvest/951
ff7ANc,https://acme.dev/brisk/lagoon/952
U242nB,https://seeded.app/clear/window/953
k4Ugge,https://example.com/cobalt/lagoon/954
SLbgUo,https://acme.dev/proud/delta/955
wZUSXm,https://opswise.net/amber/kernel/956
u73Hn8,https://hackstack.io/silver/anchor/957
Wkt7UK,https://relay.cloud/proud/signal/958
Md0Xxx,https://acme.dev/vivid/kernel/959
h7tHcy,https://acme.dev/tidy/anchor/960
MZ6DJz,https://seeded.app/vivid/signal/961
wjX1Ed,https://example.com/ember/canyon/962
AeAdTT,https://relay.cloud/brisk/uplink/963
s8R8XK,https://acme.dev/opal/delta/964
DmiPsw,https://seeded.app/amber/trail/965
hmpiar,https://example.com/lively/field/966
VK779x,https://example.com/keen/field/967
0wb4AR,https://hackstack.io/clear/field/968
duu59q,https://opswise.net/young/journey/969
HmEwwO,https://acme.dev/ember/window/970
CBYMW9,https://hackstack.io/dawn/network/971
w2Dmbf,https://relay.cloud/ivory/anchor/972
5dZ5Bd,https://example.com/gold/zenith/973
d4LlIR,https://opswise.net/dawn/harvest/974
OxJ6KI,https://example.com/jade/window/975
Amo2rI,https://acme.dev/tidy/orbit/976
8Sma5Q,https://relay.cloud/rapid/uplink/977
yEUkQd,https://hackstack.io/ivory/pioneer/978
sRx3gV,https://seeded.app/keen/field/979
PpCdvF,https://relay.cloud/brisk/journey/980
H8uVyc,https://opswise.net/dawn/garden/981
h4xtNK,https://hackstack.io/ember/delta/982
ljyBFm,https://opswise.net/proud/network/983
x9vhCt,https://seeded.app/ember/delta/984
t63dKF,https://acme.dev/jade/orbit/985
btigoV,https://opswise.net/calm/garden/986
SlHfJf,https://acme.dev/amber/delta/987
siIFOO,https://opswise.net/silver/river/988
Sy1ajm,https://acme.dev/proud/lagoon/989
eZ3dug,https://hackstack.io/ivory/network/990
b0XZMr,https://acme.dev/warm/beacon/991
tOnmed,https://relay.cloud/proud/garden/992
9y2KxU,https://seeded.app/gold/trail/993
U1D0Gk,https://example.com/proud/lagoon/994
9mHN0H,https://relay.cloud/lively/orbit/995
Tx7hBb,https://opswise.net/silver/valley/996
avpBaE,https://relay.cloud/gold/network/997
F83kLf,https://example.com/keen/lagoon/998
mcflqp,https://opswise.net/young/engine/999
HBlhdK,https://opswise.net/ivory/field/1000
n28NvZ,https://example.com/jade/canyon/1001
YF66bM,https://acme.dev/vivid/uplink/1002
RNN2V5,https://seeded.app/silver/quartz/1003
ljDouC,https://acme.dev/cobalt/network/1004
8sOFyU,https://acme.dev/vivid/orbit/1005
DyNJjM,https://opswise.net/jade/island/1006
6L2Xa3,https://relay.cloud/keen/trail/1007
xKySWV,https://acme.dev/proud/harvest/1008
0jLEoE,https://seeded.app/cobalt/journey/1009
QRdGXt,https://seeded.app/tidy/garden/1010
CXVlh5,https://relay.cloud/lively/garden/1011
fef2Gb,https://opswise.net/harbor/orbit/1012
Acat03,https://hackstack.io/calm/field/1013
XbeMkW,https://opswise.net/ember/yard/1014
jN7ov8,https://example.com/forest/pioneer/1015
RvGWbZ,https://acme.dev/rapid/river/1016
vDegPB,https://opswise.net/lively/delta/1017
6MSJyX,https://opswise.net/forest/harvest/1018
Qa9nKm,https://hackstack.io/keen/engine/1019
MJ3BCj,https://example.com/brisk/orbit/1020
RNVRxa,https://hackstack.io/jade/beacon/1021
68eMuG,https://acme.dev/silver/lagoon/1022
RSX4fJ,https://opswise.net/young/zenith/1023
rBNYqT,https://relay.cloud/quiet/garden/1024
RuNNHS,https://relay.cloud/harbor/island/1025
7PDx2f,https://opswise.net/forest/delta/1026
xPfxdB,https://hackstack.io/cobalt/signal/1027
ARi5fG,https://hackstack.io/keen/river/1028
Hrdtv4,https://hackstack.io/cobalt/meadow/1029
PcqbIb,https://hackstack.io/mellow/yard/1030
Fk4bti,https://example.com/amber/window/1031
lXrf2I,https://relay.cloud/cobalt/orbit/1032
1V6AUS,https://opswise.net/amber/river/1033
8InZrR,https://example.com/amber/zenith/1034
mSMVSb,https://acme.dev/vivid/delta/1035
STOVTT,https://seeded.app/dawn/pioneer/1036
sUGMdl,https://seeded.app/opal/beacon/1037
GpvNWy,https://example.com/gold/anchor/1038
Wa2JvL,https://relay.cloud/tidy/kernel/1039
edHDbl,https://relay.cloud/urban/journey/1040
awQfoP,https://hackstack.io/ember/quartz/1041
I9ShpZ,https://hackstack.io/keen/quartz/1042
2AohFN,https://example.com/calm/engine/1043
85A99t,https://seeded.app/brisk/anchor/1044
aWOoOt,https://seeded.app/gold/quartz/1045
A9wNIx,https://seeded.app/navy/valley/1046
jKWnDz,https://relay.cloud/navy/uplink/1047
A0JgLB,https://hackstack.io/young/quartz/1048
IG2TnV,https://relay.cloud/urban/kernel/1049
ouoHFa,https://acme.dev/lively/harvest/1050
tCvVmu,https://seeded.app/keen/anchor/1051
OJ0ZWI,https://hackstack.io/quiet/yard/1052
wklbWk,https://seeded.app/quiet/kernel/1053
ynxmE5,https://hackstack.io/ember/kernel/1054
6J8Nig,https://relay.cloud/dawn/orbit/1055
yJtozg,https://acme.dev/rapid/lagoon/1056
XJxi3C,https://example.com/forest/lagoon/1057
pV8bd3,https://acme.dev/ivory/delta/1058
OiqV0d,https://relay.cloud/clear/anchor/1059
nLCqUn,https://seeded.app/opal/canyon/1060
avRxWn,https://example.com/navy/anchor/1061
qDdCVx,https://seeded.app/urban/valley/1062
yIvJGE,https://opswise.net/young/lagoon/1063
mqQ8ke,https://opswise.net/young/meadow/1064
uVrkL8,https://opswise.net/brisk/harvest/1065
NggYST,https://opswise.net/warm/beacon/1066
ie3R7y,https://hackstack.io/forest/meadow/1067
kCpCuh,https://example.com/dawn/quartz/1068
DDrbaa,https://hackstack.io/gold/river/1069
nkf9OD,https://acme.dev/ivory/beacon/1070
qYdwWj,https://acme.dev/dawn/uplink/1071
EhcvSG,https://relay.cloud/ivory/harvest/1072
XItu3B,https://opswise.net/harbor/river/1073
Bvgdau,https://seeded.app/jade/yard/1074
ZrHmwz,https://opswise.net/mellow/canyon/1075
wfqMqz,https://seeded.app/quiet/uplink/1076
ccBG2u,https://hackstack.io/calm/island/1077
bYFpyf,https://hackstack.io/warm/window/1078
WsE2Kw,https://acme.dev/lively/orbit/1079
3jc4p3,https://example.com/harbor/journey/1080
cIRUP1,https://opswise.net/cobalt/river/1081
E5ut5e,https://acme.dev/urban/valley/1082
dT3r2N,https://acme.dev/jade/field/1083
mRvL6m,https://acme.dev/mellow/meadow/1084
RPVmf0,https://acme.dev/lively/zenith/1085
gQNMFf,https://relay.cloud/clear/anchor/1086
v993UF,https://acme.dev/calm/quartz/1087
lsrcz4,https://acme.dev/jade/kernel/1088
Lv6XSS,https://opswise.net/warm/engine/1089
PGLV8c,https://example.com/vivid/engine/1090
eq3cFZ,https://example.com/opal/delta/1091
dPyrIo,https://hackstack.io/rapid/island/1092
FJl9FQ,https://seeded.app/urban/quartz/1093
j954zs,https://opswise.net/brisk/quartz/1094
GfW7du,https://example.com/warm/orbit/1095
7VmjnW,https://acme.dev/rapid/valley/1096
gnmESy,https://example.com/quiet/river/1097
MAlXcR,https://seeded.app/keen/window/1098
8ixfPL,https://acme.dev/quiet/signal/1099
lqfEd9,https://relay.cloud/gold/anchor/1100
MVswEf,https://relay.cloud/gold/harvest/1101
KzPXwp,https://example.com/amber/zenith/1102
F8Avjr,https://example.com/gold/meadow/1103
AxpjRo,https://relay.cloud/clear/orbit/1104
MFSuco,https://seeded.app/ivory/trail/1105
WzyJfl,https://relay.cloud/lively/network/1106
fgQocc,https://relay.cloud/rapid/meadow/1107
Y87fvT,https://example.com/rapid/beacon/1108
nG7f2j,https://hackstack.io/cobalt/journey/1109
bJwOQu,https://hackstack.io/warm/trail/1110
qEjfuc,https://opswise.net/proud/valley/1111
56mfRM,https://example.com/gold/signal/1112
HIEWHM,https://relay.cloud/tidy/pioneer/1113
T4sdee,https://opswise.net/proud/network/1114
SadTFZ,https://opswise.net/opal/journey/1115
mypuVu,https://hackstack.io/lively/valley/1116
xFHBke,https://seeded.app/gold/anchor/1117
6HAgbs,https://opswise.net/forest/signal/1118
d48aci,https://relay.cloud/dawn/pioneer/1119
nDoDyQ,https://hackstack.io/proud/canyon/1120
iJY2oI,https://example.com/jade/zenith/1121
TP9Hov,https://seeded.app/mellow/quartz/1122
k5Nl2G,https://relay.cloud/young/harvest/1123
FixIli,https://opswise.net/vivid/trail/1124
bcBueG,https://relay.cloud/dawn/yard/1125
ro7Ui4,https://hackstack.io/calm/canyon/1126
PrJZjS,https://seeded.app/jade/network/1127
2gR6pv,https://acme.dev/navy/harvest/1128
vEULMu,https://hackstack.io/calm/beacon/1129
pzOVKE,https://hackstack.io/navy/zenith/1130
fMSMqv,https://hackstack.io/vivid/network/1131
PwlHAg,https://opswise.net/navy/delta/1132
JfAwvn,https://hackstack.io/lively/zenith/1133
j7dyWm,https://relay.cloud/harbor/quartz/1134
7gPvyy,https://acme.dev/proud/network/1135
wXfrYO,https://example.com/silver/lagoon/1136
GaHRzi,https://opswise.net/vivid/beacon/1137
Td5buQ,https://seeded.app/quiet/harvest/1138
GyU0j7,https://example.com/jade/meadow/1139
lkNugP,https://seeded.app/jade/garden/1140
6ud7Ms,https://hackstack.io/gold/network/1141
6UOAms,https://example.com/calm/journey/1142
r3N3WG,https://seeded.app/keen/garden/1143
aOFEFF,https://acme.dev/tidy/quartz/1144
JIooA4,https://opswise.net/brisk/field/1145
ybuXbd,https://example.com/calm/trail/1146
Ll4EPN,https://opswise.net/navy/harvest/1147
4e5aTY,https://relay.cloud/forest/garden/1148
L3J4mO,https://seeded.app/urban/quartz/1149
XQ0vvq,https://opswise.net/urban/anchor/1150
W180p8,https://hackstack.io/young/island/1151
PkBlZU,https://relay.cloud/clear/pioneer/1152
6c2auU,https://relay.cloud/ivory/harvest/1153
fdqpol,https://acme.dev/keen/quartz/1154
MwPE57,https://opswise.net/jade/beacon/1155
hxAFM6,https://relay.cloud/silver/yard/1156
FcDjtm,https://example.com/opal/yard/1157
n9uzpj,https://hackstack.io/amber/field/1158
WREJCI,https://example.com/warm/island/1159
5zRfyT,https://example.com/urban/island/1160
FaUi6B,https://opswise.net/mellow/uplink/1161
PXziW3,https://acme.dev/opal/network/1162
I0w6W3,https://hackstack.io/lively/yard/1163
IMImq8,https://opswise.net/rapid/kernel/1164
0Qjzmi,https://hackstack.io/dawn/uplink/1165
cYK9Ro,https://example.com/lively/lagoon/1166
UN0dsX,https://acme.dev/ember/anchor/1167
pvrA7l,https://example.com/jade/window/1168
3gDd5L,https://hackstack.io/urban/quartz/1169
bSrNp4,https://relay.cloud/rapid/trail/1170
mW8aWT,https://acme.dev/amber/pioneer/1171
BQhYHI,https://acme.dev/ember/quartz/1172
OkCHJG,https://seeded.app/ember/network/1173
blI4NX,https://seeded.app/harbor/island/1174
lNzxVa,https://opswise.net/silver/yard/1175
dBXTBh,https://relay.cloud/warm/field/1176
tpN8aT,https://example.com/warm/orbit/1177
3j7056,https://example.com/amber/canyon/1178
W9QfBS,https://example.com/tidy/window/1179
OqoHMn,https://seeded.app/amber/beacon/1180
mmdPOo,https://example.com/proud/canyon/1181
jSq1tU,https://relay.cloud/ivory/canyon/1182
tlGJGj,https://seeded.app/navy/island/1183
8bi2eD,https://example.com/dawn/delta/1184
Domkrc,https://example.com/tidy/garden/1185
FwrL9u,https://relay.cloud/young/trail/1186
W7fEjp,https://relay.cloud/dawn/journey/1187
DEZoey,https://relay.cloud/young/zenith/1188
VX0U7A,https://opswise.net/forest/signal/1189
vUE2NP,https://relay.cloud/cobalt/meadow/1190
mGrobb,https://relay.cloud/harbor/beacon/1191
VPXkYu,https://acme.dev/mellow/meadow/1192
eKdInc,https://acme.dev/proud/beacon/1193
9EZ6xd,https://opswise.net/lively/signal/1194
AGPqI6,https://relay.cloud/ember/harvest/1195
GBdqCp,https://opswise.net/urban/delta/1196
vGUVIC,https://opswise.net/warm/uplink/1197
cK5H27,https://example.com/silver/meadow/1198
dqnVOZ,https://hackstack.io/clear/meadow/1199
zlL41Q,https://seeded.app/tidy/yard/1200
bkOSZt,https://opswise.net/clear/zenith/1201
O2qj4a,https://relay.cloud/warm/window/1202
77MBgE,https://example.com/keen/harvest/1203
sJXPC1,https://hackstack.io/silver/yard/1204
vyk9Bc,https://relay.cloud/urban/kernel/1205
SRmnpO,https://relay.cloud/jade/garden/1206
JfY4Hy,https://hackstack.io/jade/delta/1207
pAfv0p,https://acme.dev/jade/field/1208
HMiWTy,https://relay.cloud/warm/engine/1209
fmzqTm,https://hackstack.io/proud/orbit/1210
m5S2hR,https://relay.cloud/gold/signal/1211
uJqdnp,https://hackstack.io/urban/trail/1212
wxFdxw,https://relay.cloud/gold/lagoon/1213
S17eaX,https://acme.dev/mellow/anchor/1214
DTj70g,https://relay.cloud/mellow/beacon/1215
LK3VPy,https://hackstack.io/calm/engine/1216
4SHCOi,https://example.com/forest/delta/1217
PTqjw4,https://relay.cloud/mellow/trail/1218
0DtmSB,https://acme.dev/silver/journey/1219
dJyzoG,https://hackstack.io/urban/island/1220
rEZonI,https://relay.cloud/calm/engine/1221
buQ1Q8,https://hackstack.io/ivory/harvest/1222
3Ov1Cr,https://relay.cloud/warm/meadow/1223
eAppZE,https://hackstack.io/tidy/window/1224
6IbYEN,https://relay.cloud/forest/garden/1225
gmSuda,https://acme.dev/navy/meadow/1226
WkzyW8,https://hackstack.io/rapid/uplink/1227
ikjy0s,https://hackstack.io/lively/pioneer/1228
ukLygI,https://example.com/jade/yard/1229
GMFQVk,https://hackstack.io/proud/field/1230
hEmYb2,https://seeded.app/jade/valley/1231
mahArY,https://opswise.net/rapid/pioneer/1232
0iVRaH,https://seeded.app/opal/harvest/1233
w8AT8i,https://relay.cloud/warm/river/1234
dcDAi9,https://hackstack.io/calm/yard/1235
iCeeaU,https://acme.dev/vivid/yard/1236
q30NkO,https://acme.dev/mellow/valley/1237
V0SX5R,https://example.com/navy/harvest/1238
jRcjdg,https://seeded.app/calm/river/1239
MryhfI,https://relay.cloud/mellow/garden/1240
Ic9pkH,https://seeded.app/clear/island/1241
T4wJrp,https://hackstack.io/brisk/zenith/1242
1iPad7,https://opswise.net/rapid/delta/1243
OWedWz,https://opswise.net/urban/trail/1244
XurZ2y,https://example.com/navy/garden/1245
25oSvj,https://acme.dev/calm/anchor/1246
49IXN7,https://acme.dev/clear/canyon/1247
fJ5Y2K,https://relay.cloud/jade/journey/1248
oaqsPM,https://opswise.net/mellow/network/1249
O0oOIK,https://seeded.app/silver/window/1250
nvbqb3,https://example.com/warm/meadow/1251
NLRvQr,https://opswise.net/young/journey/1252
TKq9cC,https://seeded.app/rapid/pioneer/1253
5hHmhj,https://acme.dev/amber/valley/1254
VPL0fz,https://example.com/calm/beacon/1255
FFi230,https://seeded.app/cobalt/canyon/1256
IJ2n3F,https://relay.cloud/vivid/garden/1257
yxfuFD,https://seeded.app/quiet/signal/1258
eXbcUY,https://hackstack.io/young/meadow/1259
RVRu8T,https://example.com/lively/engine/1260
Jt6lLz,https://example.com/clear/garden/1261
7ZzpKc,https://relay.cloud/lively/canyon/1262
RepIma,https://opswise.net/navy/journey/1263
Fu9p1I,https://acme.dev/tidy/anchor/1264
DOmFbf,https://example.com/harbor/yard/1265
acSiXC,https://relay.cloud/vivid/river/1266
Md5Y1P,https://relay.cloud/proud/harvest/1267
phvZzw,https://example.com/forest/orbit/1268
Iyrxi2,https://acme.dev/brisk/lagoon/1269
zmc41S,https://seeded.app/ember/journey/1270
3BaaSd,https://acme.dev/urban/signal/1271
C8I8fW,https://seeded.app/rapid/yard/1272
R592Eh,https://hackstack.io/navy/orbit/1273
YuiMPI,https://hackstack.io/urban/field/1274
Kulst7,https://opswise.net/ivory/field/1275
EwQcGo,https://hackstack.io/clear/uplink/1276
1wTNjz,https://example.com/young/river/1277
nphpfP,https://opswise.net/tidy/signal/1278
ymjuH2,https://seeded.app/calm/delta/1279
LtQxZI,https://seeded.app/forest/kernel/1280
uCo9Z6,https://hackstack.io/harbor/window/1281
TpuRfq,https://hackstack.io/vivid/uplink/1282
Sd83Q5,https://acme.dev/navy/harvest/1283
YStnQ4,https://seeded.app/young/garden/1284
e5qd32,https://example.com/proud/engine/1285
6MXESr,https://seeded.app/mellow/field/1286
pAu7rN,https://hackstack.io/mellow/pioneer/1287
PbiV8y,https://opswise.net/calm/field/1288
yuiaiZ,https://relay.cloud/rapid/trail/1289
jP4ksc,https://opswise.net/navy/network/1290
TgLIOv,https://acme.dev/mellow/harvest/1291
iAFVIw,https://hackstack.io/jade/quartz/1292
rkIHoZ,https://opswise.net/clear/anchor/1293
Q2vcOO,https://example.com/opal/quartz/1294
AgBJa9,https://opswise.net/lively/harvest/1295
ArvWbI,https://opswise.net/clear/valley/1296
2WeiFI,https://seeded.app/forest/meadow/1297
oksDYL,https://relay.cloud/opal/orbit/1298
8tKj1A,https://acme.dev/opal/kernel/1299
NzcmH0,https://acme.dev/cobalt/island/1300
XUu7y9,https://seeded.app/urban/meadow/1301
qzwQtI,https://acme.dev/harbor/canyon/1302
yy051m,https://relay.cloud/warm/delta/1303
zBd8TP,https://seeded.app/tidy/canyon/1304
wJFrky,https://relay.cloud/quiet/garden/1305
s2rWhl,https://opswise.net/lively/field/1306
J4k9g8,https://example.com/keen/meadow/1307
29iHZY,https://hackstack.io/urban/uplink/1308
q4mZcu,https://hackstack.io/dawn/lagoon/1309
ybqu6b,https://seeded.app/gold/journey/1310
jqokYs,https://example.com/jade/zenith/1311
hF2QvO,https://opswise.net/forest/journey/1312
2EDi6W,https://seeded.app/tidy/beacon/1313
etE15v,https://relay.cloud/urban/orbit/1314
anqC2l,https://relay.cloud/harbor/river/1315
sJEWHK,https://hackstack.io/tidy/anchor/1316
5QgG9o,https://acme.dev/lively/journey/1317
pnW4x0,https://acme.dev/warm/beacon/1318
X1EJGs,https://hackstack.io/jade/network/1319
NVXvL1,https://example.com/gold/meadow/1320
Hm4Unz,https://seeded.app/rapid/kernel/1321
Xko6ZI,https://hackstack.io/navy/kernel/1322
BkaWED,https://acme.dev/ember/canyon/1323
6UGKAS,https://opswise.net/vivid/orbit/1324
hoIYOK,https://seeded.app/urban/window/1325
8TY3dF,https://relay.cloud/warm/valley/1326
aA6CVF,https://opswise.net/harbor/journey/1327
qHOg8F,https://example.com/ivory/canyon/1328
TogApQ,https://hackstack.io/navy/orbit/1329
WaS6fQ,https://seeded.app/amber/beacon/1330
7kaSLh,https://example.com/jade/delta/1331
HPIPM5,https://example.com/warm/garden/1332
UJ6WWH,https://relay.cloud/forest/orbit/1333
mkdkYF,https://hackstack.io/mellow/pioneer/1334
G5JFsD,https://seeded.app/brisk/canyon/1335
4QtnfK,https://hackstack.io/vivid/anchor/1336
ykxtCW,https://example.com/brisk/field/1337
vobwA6,https://seeded.app/ivory/yard/1338
cPIJqT,https://opswise.net/clear/signal/1339
sz1u1n,https://seeded.app/calm/meadow/1340
KStSy9,https://example.com/mellow/trail/1341
Fimuuy,https://opswise.net/vivid/anchor/1342
m4FCq9,https://hackstack.io/young/yard/1343
Mkm8dP,https://acme.dev/forest/window/1344
0QzRy4,https://opswise.net/forest/kernel/1345
Q1l0NL,https://example.com/ivory/meadow/1346
p3uSup,https://relay.cloud/rapid/meadow/1347
XEmAOT,https://example.com/urban/pioneer/1348
fKIeiq,https://hackstack.io/amber/signal/1349
Vk1TjD,https://seeded.app/calm/pioneer/1350
HbBnaC,https://example.com/opal/valley/1351
74FedZ,https://seeded.app/warm/lagoon/1352
mJZTuP,https://relay.cloud/urban/river/1353
XibHp1,https://acme.dev/silver/kernel/1354
VCIphO,https://example.com/lively/orbit/1355
Thf24n,https://seeded.app/amber/valley/1356
wr0Rmk,https://example.com/tidy/quartz/1357
litqEs,https://example.com/calm/valley/1358
qNrYpG,https://opswise.net/mellow/yard/1359
RCTdFp,https://example.com/rapid/beacon/1360
3ex5K0,https://acme.dev/amber/uplink/1361
Crf9Is,https://acme.dev/cobalt/island/1362
lFopSw,https://acme.dev/mellow/lagoon/1363
5Ak0sP,https://example.com/cobalt/trail/1364
L6EmSq,https://example.com/ivory/trail/1365
6NzL2Q,https://seeded.app/brisk/harvest/1366
G9qj8Y,https://opswise.net/warm/anchor/1367
VeJFLk,https://relay.cloud/silver/orbit/1368
Hv8Tjs,https://relay.cloud/gold/canyon/1369
7ayo3G,https://seeded.app/mellow/pioneer/1370
0bSh9J,https://opswise.net/calm/canyon/1371
mZOj9I,https://relay.cloud/keen/zenith/1372
jLGHwK,https://seeded.app/opal/journey/1373
7XknD6,https://acme.dev/amber/garden/1374
pNbC8D,https://seeded.app/dawn/anchor/1375
i3jnxk,https://relay.cloud/rapid/orbit/1376
g2gSxA,https://acme.dev/silver/canyon/1377
OlAgaH,https://seeded.app/gold/signal/1378
sq5gs0,https://acme.dev/vivid/valley/1379
BcxaiP,https://seeded.app/cobalt/garden/1380
35JpEv,https://example.com/gold/journey/1381
Bxj1HS,https://example.com/lively/meadow/1382
9XhehM,https://seeded.app/dawn/field/1383
CgP7CU,https://hackstack.io/opal/zenith/1384
d7vrE8,https://seeded.app/jade/river/1385
Y5F8oC,https://acme.dev/lively/engine/1386
qJ1xSR,https://example.com/jade/field/1387
VQRJlE,https://relay.cloud/tidy/orbit/1388
4eBopr,https://hackstack.io/dawn/canyon/1389
ArjRlS,https://relay.cloud/harbor/delta/1390
9j8eQb,https://seeded.app/urban/trail/1391
Ie73VQ,https://acme.dev/jade/valley/1392
9HyNCg,https://example.com/proud/valley/1393
Ljx7AN,https://opswise.net/opal/lagoon/1394
ih8hMO,https://relay.cloud/tidy/harvest/1395
9Ca8xN,https://relay.cloud/quiet/quartz/1396
7spd3R,https://hackstack.io/silver/engine/1397
72EjmQ,https://seeded.app/navy/lagoon/1398
Vjm22S,https://seeded.app/silver/valley/1399
JTkbrO,https://example.com/opal/orbit/1400
1EJrwc,https://opswise.net/opal/meadow/1401
avaztr,https://seeded.app/gold/network/1402
Z3Chom,https://seeded.app/young/trail/1403
yZfTvK,https://acme.dev/ivory/lagoon/1404
0L1hR9,https://seeded.app/tidy/signal/1405
FIB5PR,https://seeded.app/rapid/anchor/1406
KEy1tA,https://opswise.net/harbor/anchor/1407
tsC6BD,https://opswise.net/mellow/kernel/1408
fPTpVh,https://seeded.app/ivory/uplink/1409
leI3K8,https://hackstack.io/jade/lagoon/1410
hOWQCd,https://acme.dev/tidy/pioneer/1411
yxF2A3,https://hackstack.io/calm/island/1412
P0iphx,https://hackstack.io/opal/beacon/1413
MpWKcO,https://relay.cloud/urban/window/1414
XdUuoL,https://example.com/jade/journey/1415
Nm1gm8,https://opswise.net/keen/uplink/1416
aFy5vp,https://relay.cloud/vivid/anchor/1417
ZCiyY4,https://relay.cloud/warm/canyon/1418
ddYADN,https://example.com/navy/zenith/1419
pAADcB,https://relay.cloud/mellow/beacon/1420
sCR3wR,https://seeded.app/clear/orbit/1421
8NgXJm,https://relay.cloud/warm/quartz/1422
piL7hv,https://example.com/mellow/anchor/1423
mA4lRk,https://opswise.net/harbor/canyon/1424
ke0gXI,https://example.com/proud/beacon/1425
hmr54d,https://acme.dev/young/signal/1426
QoIDuR,https://seeded.app/opal/yard/1427
MJ3chn,https://acme.dev/cobalt/kernel/1428
5Vz859,https://hackstack.io/cobalt/orbit/1429
Sj1cTC,https://seeded.app/lively/zenith/1430
KaBBft,https://seeded.app/brisk/window/1431
MxUw9p,https://hackstack.io/amber/field/1432
bQ9uk5,https://opswise.net/keen/island/1433
v5uEI3,https://acme.dev/rapid/network/1434
ajrV0v,https://seeded.app/warm/yard/1435
fkPkri,https://example.com/tidy/valley/1436
GYSr38,https://hackstack.io/opal/kernel/1437
n8pUXf,https://acme.dev/young/network/1438
dKWTWn,https://seeded.app/navy/window/1439
ze3f1N,https://opswise.net/cobalt/journey/1440
okiHqR,https://hackstack.io/brisk/island/1441
K5D67v,https://relay.cloud/brisk/garden/1442
1cDkYx,https://example.com/ember/orbit/1443
mOlTXk,https://seeded.app/quiet/delta/1444
lBIDKj,https://example.com/mellow/island/1445
60syVm,https://hackstack.io/rapid/harvest/1446
Cwxf1f,https://seeded.app/forest/signal/1447
gNNJzb,https://seeded.app/young/valley/1448
YCn1zH,https://seeded.app/mellow/valley/1449
kb41FI,https://example.com/silver/quartz/1450
ZXydqv,https://example.com/clear/yard/1451
K7umVf,https://relay.cloud/lively/trail/1452
IWXBic,https://example.com/lively/trail/1453
43PGPe,https://hackstack.io/warm/network/1454
twt5KB,https://opswise.net/clear/river/1455
xTI6s5,https://seeded.app/clear/field/1456
gI4mxr,https://acme.dev/amber/zenith/1457
pnzzzh,https://acme.dev/brisk/lagoon/1458
ZegtwL,https://relay.cloud/tidy/kernel/1459
Kx6ioB,https://acme.dev/brisk/river/1460
ATxHOh,https://acme.dev/warm/pioneer/1461
tXeHG5,https://hackstack.io/forest/garden/1462
MNFkZC,https://seeded.app/ember/signal/1463
4vVLsN,https://example.com/rapid/island/1464
03uk2m,https://hackstack.io/warm/harvest/1465
zfjfZp,https://hackstack.io/rapid/canyon/1466
n4XVKl,https://example.com/gold/orbit/1467
Rld1P8,https://seeded.app/rapid/valley/1468
GRnGya,https://example.com/mellow/network/1469
FO397x,https://hackstack.io/forest/pioneer/1470
mfFTqH,https://example.com/keen/kernel/1471
uq3TKf,https://acme.dev/brisk/yard/1472
PV1kGj,https://seeded.app/navy/valley/1473
0Q2wnJ,https://acme.dev/brisk/island/1474
rjQAwk,https://relay.cloud/young/harvest/1475
Av8jRF,https://relay.cloud/harbor/signal/1476
icDPzt,https://hackstack.io/warm/kernel/1477
Kk7NjQ,https://hackstack.io/urban/meadow/1478
iEU0QL,https://example.com/proud/valley/1479
ukH3iV,https://seeded.app/calm/journey/1480
DEzK2G,https://hackstack.io/mellow/trail/1481
zhcqpi,https://acme.dev/ivory/lagoon/1482
B4WI1g,https://seeded.app/warm/quartz/1483
8SwO9x,https://seeded.app/jade/uplink/1484
pRaXsE,https://seeded.app/amber/river/1485
1OCCYv,https://opswise.net/clear/pioneer/1486
fGq9jx,https://relay.cloud/forest/zenith/1487
6KjFG7,https://relay.cloud/calm/harvest/1488
wIb9v6,https://relay.cloud/brisk/valley/1489
K1X05O,https://opswise.net/navy/journey/1490
pcHUPP,https://hackstack.io/proud/journey/1491
Degbjs,https://relay.cloud/silver/uplink/1492
4LdgNG,https://opswise.net/brisk/trail/1493
BSnxbx,https://example.com/young/signal/1494
MwhAHN,https://example.com/young/island/1495
BBeCOk,https://opswise.net/lively/yard/1496
ZaDvIJ,https://opswise.net/opal/orbit/1497
SJ9rOf,https://example.com/brisk/delta/1498
8UmtRV,https://seeded.app/cobalt/kernel/1499
W8RRvU,https://seeded.app/navy/journey/1500
R44pz4,https://acme.dev/cobalt/pioneer/1501
uEeWYn,https://relay.cloud/calm/canyon/1502
awyI0A,https://relay.cloud/mellow/canyon/1503
ROepW0,https://relay.cloud/urban/window/1504
02FnR1,https://example.com/harbor/beacon/1505
5wvYuw,https://acme.dev/proud/journey/1506
IuifnY,https://seeded.app/proud/river/1507
JEoyM8,https://acme.dev/harbor/engine/1508
qlV2I0,https://opswise.net/quiet/harvest/1509
vzLOsO,https://relay.cloud/urban/delta/1510
q4FprF,https://relay.cloud/forest/canyon/1511
LxwQpT,https://seeded.app/ember/journey/1512
kUJ7Oc,https://seeded.app/jade/kernel/1513
9ZPoNJ,https://relay.cloud/navy/window/1514
ylQg0b,https://acme.dev/silver/quartz/1515
dAyGtV,https://opswise.net/rapid/canyon/1516
BJkplj,https://example.com/brisk/field/1517
RLz244,https://opswise.net/proud/trail/1518
Wlz1Tn,https://opswise.net/clear/valley/1519
wOMGJo,https://relay.cloud/brisk/zenith/1520
hUZiZf,https://seeded.app/urban/beacon/1521
QHsV5t,https://example.com/lively/engine/1522
KCIQo8,https://acme.dev/tidy/quartz/1523
opAT2k,https://hackstack.io/quiet/zenith/1524
GHUIxC,https://acme.dev/keen/orbit/1525
LHmcEL,https://opswise.net/cobalt/harvest/1526
wFmsIf,https://opswise.net/rapid/garden/1527
kYTuBL,https://acme.dev/ivory/meadow/1528
Os7SHw,https://example.com/brisk/valley/1529
Xr3YLQ,https://example.com/dawn/pioneer/1530
XQkySH,https://relay.cloud/dawn/field/1531
eEaxuz,https://example.com/navy/anchor/1532
kDIUuF,https://example.com/tidy/journey/1533
T0Kh3n,https://acme.dev/tidy/yard/1534
y1FsYj,https://example.com/mellow/meadow/1535
1I2qNm,https://opswise.net/navy/network/1536
3gaIDr,https://relay.cloud/warm/yard/1537
wirJxb,https://example.com/urban/delta/1538
bq0M7T,https://opswise.net/warm/zenith/1539
FDan7J,https://example.com/brisk/trail/1540
Uxvli0,https://relay.cloud/clear/meadow/1541
YsrWyj,https://relay.cloud/warm/field/1542
XAYrkb,https://hackstack.io/rapid/uplink/1543
uvJiOJ,https://hackstack.io/vivid/field/1544
1x2ii1,https://seeded.app/lively/orbit/1545
Ty6Uvr,https://relay.cloud/brisk/lagoon/1546
z53RWb,https://relay.cloud/keen/engine/1547
kGZcbc,https://example.com/cobalt/canyon/1548
3XNbIs,https://example.com/jade/journey/1549
XtGlsn,https://opswise.net/urban/canyon/1550
1WxCEX,https://opswise.net/warm/quartz/1551
lwsC79,https://example.com/silver/field/1552
nVmBjr,https://acme.dev/quiet/island/1553
2pPr8r,https://opswise.net/brisk/kernel/1554
Gu5q4W,https://hackstack.io/tidy/meadow/1555
4fvqcr,https://example.com/opal/island/1556
EgdKbM,https://acme.dev/calm/lagoon/1557
lVR8cb,https://example.com/urban/zenith/1558
dDBg8h,https://acme.dev/tidy/valley/1559
pTBILW,https://example.com/urban/valley/1560
mTMNb3,https://acme.dev/warm/beacon/1561
zcnEI6,https://opswise.net/keen/engine/1562
1QwWV1,https://acme.dev/proud/meadow/1563
VAzNhJ,https://seeded.app/clear/lagoon/1564
NP7jkR,https://acme.dev/ember/delta/1565
8PbcpV,https://example.com/brisk/engine/1566
YpQ6Lp,https://opswise.net/tidy/garden/1567
UGb4Qn,https://hackstack.io/opal/uplink/1568
554uQF,https://seeded.app/dawn/uplink/1569
f7U9VI,https://opswise.net/forest/journey/1570
M7P5Tn,https://hackstack.io/warm/meadow/1571
rCYRfD,https://opswise.net/amber/journey/1572
GMl9u0,https://opswise.net/cobalt/harvest/1573
G8NXqV,https://opswise.net/ember/trail/1574
Dzyp4R,https://example.com/quiet/orbit/1575
j6thRU,https://hackstack.io/gold/yard/1576
X9u7BH,https://opswise.net/brisk/island/1577
Vn68vx,https://opswise.net/tidy/pioneer/1578
qCclzA,https://opswise.net/opal/window/1579
uYbIRs,https://example.com/proud/anchor/1580
rKwbSE,https://seeded.app/forest/canyon/1581
8UH3HB,https://opswise.net/gold/meadow/1582
mtgQ3C,https://acme.dev/opal/field/1583
VENtru,https://relay.cloud/tidy/zenith/1584
Q7gXqd,https://relay.cloud/clear/canyon/1585
4EFPx9,https://example.com/warm/engine/1586
Qpdjxi,https://opswise.net/navy/river/1587
xV4EBB,https://relay.cloud/forest/delta/1588
4RLZH7,https://acme.dev/calm/journey/1589
HalZYw,https://seeded.app/proud/quartz/1590
QtZ1DI,https://acme.dev/warm/island/1591
qGTc1n,https://opswise.net/proud/journey/1592
nIplyX,https://acme.dev/forest/meadow/1593
DsWBRO,https://hackstack.io/navy/island/1594
2bCj0j,https://hackstack.io/keen/engine/1595
ST8FGO,https://relay.cloud/ivory/pioneer/1596
QWfQkK,https://example.com/clear/engine/1597
8dAE9x,https://example.com/silver/garden/1598
vUMvi5,https://example.com/forest/beacon/1599
465qVy,https://seeded.app/proud/signal/1600
cY8TXQ,https://seeded.app/forest/valley/1601
J415Sa,https://seeded.app/amber/zenith/1602
7LfL61,https://acme.dev/dawn/network/1603
6LgJAR,https://seeded.app/young/journey/1604
puLLxM,https://acme.dev/calm/yard/1605
uoNgF6,https://hackstack.io/gold/uplink/1606
dxbC3j,https://acme.dev/mellow/trail/1607
kfCOUA,https://opswise.net/young/island/1608
rWzVQu,https://acme.dev/opal/uplink/1609
NxuWZD,https://seeded.app/silver/lagoon/1610
wTSxsm,https://relay.cloud/young/network/1611
SQDmk7,https://relay.cloud/warm/beacon/1612
nAdoFA,https://acme.dev/young/network/1613
Gb0Q4Q,https://acme.dev/forest/pioneer/1614
MHSwPA,https://acme.dev/tidy/uplink/1615
i2QnJN,https://relay.cloud/ivory/journey/1616
MC62Gi,https://example.com/brisk/pioneer/1617
LllZm5,https://relay.cloud/opal/network/1618
uC7727,https://relay.cloud/quiet/window/1619
MTSNaU,https://seeded.app/jade/window/1620
5bvUrX,https://example.com/harbor/orbit/1621
XddKOV,https://seeded.app/keen/beacon/1622
mxVKKU,https://hackstack.io/brisk/signal/1623
BOX78x,https://opswise.net/ember/zenith/1624
V9vX5N,https://opswise.net/lively/garden/1625
yghcFR,https://relay.cloud/urban/kernel/1626
8lnILi,https://example.com/dawn/yard/1627
6JjHLX,https://acme.dev/amber/yard/1628
fHxP4T,https://relay.cloud/young/journey/1629
5ZZM11,https://relay.cloud/rapid/harvest/1630
rRp8pG,https://example.com/amber/kernel/1631
TCKSEM,https://opswise.net/urban/anchor/1632
zSjcBd,https://example.com/gold/meadow/1633
YLo5F1,https://acme.dev/harbor/field/1634
TiPdJO,https://example.com/vivid/field/1635
JtqRRe,https://hackstack.io/amber/lagoon/1636
zUMeAi,https://hackstack.io/rapid/quartz/1637
99I3Ey,https://relay.cloud/brisk/river/1638
eRF3UL,https://relay.cloud/gold/quartz/1639
WFkshU,https://example.com/tidy/canyon/1640
DE6Ewr,https://hackstack.io/warm/valley/1641
TKEMry,https://acme.dev/quiet/anchor/1642
78N3XM,https://seeded.app/quiet/zenith/1643
vscr4z,https://seeded.app/silver/river/1644
zP1ezI,https://acme.dev/ember/orbit/1645
s0LhDz,https://hackstack.io/jade/delta/1646
QZVl3J,https://hackstack.io/brisk/delta/1647
GGJSix,https://hackstack.io/proud/canyon/1648
B23dHw,https://opswise.net/cobalt/network/1649
u2ORoM,https://example.com/ivory/signal/1650
dRvkub,https://hackstack.io/vivid/pioneer/1651
eHDsOh,https://seeded.app/lively/trail/1652
YmKmNA,https://seeded.app/jade/beacon/1653
sP1XoH,https://example.com/opal/zenith/1654
oIXE4u,https://acme.dev/urban/lagoon/1655
8zJkmL,https://acme.dev/amber/garden/1656
BxVZZo,https://relay.cloud/tidy/canyon/1657
x5Nm5P,https://hackstack.io/jade/river/1658
X4Ca8E,https://relay.cloud/clear/canyon/1659
lefxT5,https://relay.cloud/navy/meadow/1660
i9fsG1,https://opswise.net/forest/canyon/1661
UE8hIU,https://relay.cloud/ember/meadow/1662
VoFezP,https://acme.dev/navy/garden/1663
Xpsbkt,https://hackstack.io/gold/river/1664
Fvtjwy,https://seeded.app/proud/uplink/1665
0BzGOb,https://seeded.app/urban/window/1666
TfMGiR,https://example.com/gold/orbit/1667
zzXy5y,https://acme.dev/dawn/engine/1668
G0XS8m,https://example.com/opal/garden/1669
GZ6KzQ,https://example.com/tidy/pioneer/1670
dq2Umk,https://example.com/proud/kernel/1671
snIuDt,https://acme.dev/mellow/zenith/1672
UbPGln,https://opswise.net/vivid/river/1673
7rt6Yz,https://acme.dev/opal/harvest/1674
cfu0E2,https://example.com/opal/lagoon/1675
LoggWX,https://hackstack.io/amber/kernel/1676
IHdsqC,https://seeded.app/opal/window/1677
TQKae5,https://opswise.net/forest/window/1678
IT3r5J,https://relay.cloud/keen/lagoon/1679
HlkTW2,https://acme.dev/warm/orbit/1680
4frdMD,https://hackstack.io/rapid/journey/1681
H8MrJg,https://relay.cloud/clear/engine/1682
sXcoiF,https://opswise.net/opal/window/1683
unKgKd,https://opswise.net/cobalt/trail/1684
aIDgQv,https://example.com/ivory/pioneer/1685
V9kwjk,https://example.com/silver/island/1686
CmPu1E,https://relay.cloud/dawn/quartz/1687
7YA46l,https://acme.dev/forest/lagoon/1688
znHxle,https://opswise.net/urban/lagoon/1689
GNlcyY,https://hackstack.io/tidy/meadow/1690
Wl7jap,https://hackstack.io/forest/island/1691
sd3hEk,https://opswise.net/lively/delta/1692
yQRf7o,https://opswise.net/gold/kernel/1693
Im7eWq,https://opswise.net/urban/orbit/1694
UFf1SR,https://acme.dev/ember/kernel/1695
aEcovM,https://relay.cloud/brisk/uplink/1696
EFblnJ,https://hackstack.io/urban/canyon/1697
L5ajiP,https://opswise.net/tidy/anchor/1698
kV6S5e,https://relay.cloud/calm/valley/1699
P85xHq,https://acme.dev/ivory/window/1700
dYYckN,https://hackstack.io/rapid/uplink/1701
8PARry,https://opswise.net/amber/trail/1702
CjgVRl,https://hackstack.io/ember/beacon/1703
B98njG,https://seeded.app/silver/quartz/1704
rArESG,https://relay.cloud/opal/yard/1705
YGfDiM,https://opswise.net/urban/pioneer/1706
c4h2p3,https://acme.dev/keen/trail/1707
8MZ7ob,https://acme.dev/gold/yard/1708
ekgohq,https://relay.cloud/quiet/delta/1709
AC6JT5,https://example.com/brisk/network/1710
6Ppc2Y,https://example.com/brisk/window/1711
OjrAlU,https://opswise.net/amber/orbit/1712
4Vob35,https://seeded.app/brisk/river/1713
vAq12p,https://opswise.net/calm/zenith/1714
ag4lPe,https://hackstack.io/ivory/field/1715
5x2Izq,https://example.com/tidy/harvest/1716
VCiCiE,https://seeded.app/calm/river/1717
x7r6TV,https://relay.cloud/rapid/kernel/1718
1szdAy,https://relay.cloud/amber/pioneer/1719
Trbb7k,https://relay.cloud/opal/beacon/1720
U1DMdK,https://example.com/harbor/engine/1721
2xY4QO,https://relay.cloud/proud/anchor/1722
rvMRov,https://seeded.app/navy/delta/1723
68CFMY,https://opswise.net/urban/meadow/1724
VfO7Li,https://seeded.app/ember/river/1725
Q2FjA8,https://seeded.app/gold/island/1726
VtPB5D,https://example.com/warm/beacon/1727
DTSkAU,https://opswise.net/jade/trail/1728
jz8Pyx,https://hackstack.io/silver/journey/1729
ELDl1E,https://example.com/mellow/network/1730
z01Zxf,https://acme.dev/brisk/zenith/1731
4pygOs,https://example.com/cobalt/field/1732
xFfF1s,https://opswise.net/opal/meadow/1733
YBMnG0,https://acme.dev/quiet/journey/1734
bg4YUq,https://example.com/clear/delta/1735
ptwiix,https://opswise.net/young/signal/1736
QWNPWZ,https://relay.cloud/proud/anchor/1737
8R13FE,https://hackstack.io/brisk/signal/1738
PueUC9,https://acme.dev/dawn/trail/1739
awXhQW,https://relay.cloud/ember/quartz/1740
akIjbE,https://hackstack.io/ivory/anchor/1741
U5VV2B,https://acme.dev/mellow/river/1742
WFXWYz,https://hackstack.io/brisk/anchor/1743
eytscr,https://opswise.net/urban/island/1744
MVMNPJ,https://acme.dev/quiet/pioneer/1745
CZAWDY,https://relay.cloud/cobalt/pioneer/1746
CdR76x,https://opswise.net/vivid/valley/1747
42irxc,https://opswise.net/urban/journey/1748
4H8bLH,https://opswise.net/tidy/quartz/1749
gNrWiI,https://seeded.app/jade/window/1750
3lWr4S,https://opswise.net/harbor/pioneer/1751
qWYDwI,https://acme.dev/vivid/zenith/1752
6ZSs4Z,https://example.com/quiet/signal/1753
jW3YLG,https://example.com/mellow/harvest/1754
Nq7cYE,https://seeded.app/tidy/uplink/1755
mOJI3J,https://acme.dev/cobalt/valley/1756
UeW2Gr,https://seeded.app/opal/quartz/1757
E1yrqg,https://seeded.app/young/network/1758
ulMF6w,https://relay.cloud/young/zenith/1759
eFqaJ2,https://acme.dev/ivory/lagoon/1760
32Bgvt,https://hackstack.io/dawn/yard/1761
CGS0kg,https://example.com/tidy/window/1762
UjBn0a,https://opswise.net/proud/meadow/1763
7zFgpB,https://relay.cloud/quiet/trail/1764
N2pZR6,https://acme.dev/vivid/orbit/1765
kAynvp,https://seeded.app/harbor/orbit/1766
RUAF6u,https://opswise.net/opal/beacon/1767
rvTpIB,https://seeded.app/quiet/yard/1768
JkbnCg,https://seeded.app/vivid/trail/1769
b0IYp9,https://relay.cloud/navy/delta/1770
UmWwHq,https://opswise.net/gold/canyon/1771
vOhDDQ,https://hackstack.io/calm/garden/1772
3CNupu,https://opswise.net/ivory/orbit/1773
rcbFcB,https://hackstack.io/urban/journey/1774
PpAc0q,https://hackstack.io/dawn/uplink/1775
VDE6ab,https://opswise.net/warm/zenith/1776
SFlE33,https://relay.cloud/amber/orbit/1777
2fWfPg,https://relay.cloud/brisk/signal/1778
l4Vp15,https://example.com/urban/canyon/1779
D94f67,https://relay.cloud/young/yard/1780
aaeQRo,https://relay.cloud/brisk/garden/1781
PhGCKa,https://hackstack.io/proud/yard/1782
dcQbaP,https://hackstack.io/young/journey/1783
5wOpfs,https://acme.dev/proud/canyon/1784
yagWjo,https://example.com/opal/uplink/1785
pQkZ5F,https://hackstack.io/opal/network/1786
FiZFWH,https://hackstack.io/vivid/quartz/1787
q1LkR6,https://example.com/ember/meadow/1788
VxkSxe,https://seeded.app/rapid/signal/1789
U0Rj3x,https://relay.cloud/proud/lagoon/1790
dwunYZ,https://seeded.app/mellow/uplink/1791
LqFbF1,https://hackstack.io/proud/uplink/1792
3G1JZI,https://acme.dev/gold/canyon/1793
9jtbMF,https://hackstack.io/gold/uplink/1794
tehbmD,https://seeded.app/opal/zenith/1795
6ifX4r,https://acme.dev/proud/zenith/1796
fsmZYc,https://hackstack.io/gold/signal/1797
HkhGWX,https://hackstack.io/ivory/engine/1798
E4hZ5t,https://relay.cloud/dawn/pioneer/1799
dOx5Cr,https://example.com/tidy/quartz/1800
ZGHsCb,https://acme.dev/keen/zenith/1801
wMsILh,https://example.com/rapid/field/1802
pFu3QF,https://opswise.net/quiet/beacon/1803
uv5AzM,https://example.com/navy/island/1804
fr1KLM,https://acme.dev/mellow/meadow/1805
GDTg0u,https://acme.dev/tidy/valley/1806
PguH1f,https://acme.dev/dawn/anchor/1807
2I1MPc,https://example.com/young/uplink/1808
czDlqa,https://opswise.net/dawn/beacon/1809
5bTNiK,https://example.com/harbor/beacon/1810
FXE8du,https://relay.cloud/tidy/meadow/1811
dKDusM,https://acme.dev/gold/uplink/1812
4b9SKQ,https://relay.cloud/amber/trail/1813
5hKf9L,https://example.com/warm/uplink/1814
5VvxYg,https://example.com/proud/window/1815
j2R7st,https://opswise.net/urban/zenith/1816
vpv8LT,https://relay.cloud/opal/trail/1817
ALT61V,https://acme.dev/quiet/island/1818
Y7hSM5,https://seeded.app/ember/meadow/1819
iqaqAz,https://seeded.app/ivory/trail/1820
fhHq5k,https://hackstack.io/jade/harvest/1821
w5gaJy,https://acme.dev/calm/garden/1822
dXELQf,https://opswise.net/young/trail/1823
bNF9PY,https://seeded.app/keen/lagoon/1824
b9IB1W,https://relay.cloud/gold/garden/1825
pO974S,https://example.com/proud/signal/1826
msoRRk,https://relay.cloud/brisk/uplink/1827
0R8zEo,https://opswise.net/forest/island/1828
roHZSI,https://example.com/silver/zenith/1829
fcoGkV,https://seeded.app/navy/network/1830
br4Lxe,https://acme.dev/opal/harvest/1831
BrNGmH,https://example.com/quiet/yard/1832
6JQUXW,https://relay.cloud/mellow/pioneer/1833
3Dr4pV,https://hackstack.io/brisk/valley/1834
8yZ0Be,https://hackstack.io/rapid/kernel/1835
BokS9o,https://hackstack.io/forest/anchor/1836
MlXR4S,https://opswise.net/keen/canyon/1837
0h829o,https://opswise.net/quiet/window/1838
03qUx2,https://example.com/tidy/quartz/1839
GxVHZ2,https://seeded.app/amber/river/1840
5LF5lQ,https://seeded.app/mellow/trail/1841
sUfUSx,https://hackstack.io/ivory/pioneer/1842
4TbSXx,https://seeded.app/gold/kernel/1843
ZSdegQ,https://relay.cloud/cobalt/window/1844
eHtU9y,https://opswise.net/mellow/canyon/1845
A8Dufl,https://relay.cloud/quiet/meadow/1846
ncaLcr,https://opswise.net/forest/pioneer/1847
U7QYTA,https://example.com/proud/beacon/1848
IyO0D6,https://example.com/young/pioneer/1849
hoSPko,https://relay.cloud/warm/trail/1850
QXa8Gu,https://seeded.app/young/quartz/1851
CViT9N,https://relay.cloud/mellow/delta/1852
lKRw36,https://seeded.app/mellow/uplink/1853
kW4dwM,https://relay.cloud/dawn/zenith/1854
WRAJv1,https://example.com/mellow/pioneer/1855
Ega6rr,https://example.com/dawn/yard/1856
U0lHfr,https://hackstack.io/amber/pioneer/1857
u1Bm6i,https://acme.dev/ivory/harvest/1858
CfUvxj,https://seeded.app/harbor/journey/1859
u33LKJ,https://seeded.app/lively/uplink/1860
w4pLPl,https://hackstack.io/keen/orbit/1861
VFP0P1,https://example.com/cobalt/field/1862
72E4Pm,https://relay.cloud/silver/valley/1863
G0u29J,https://seeded.app/forest/engine/1864
4VNxaG,https://acme.dev/tidy/beacon/1865
69F2zA,https://hackstack.io/proud/orbit/1866
d7neJ0,https://acme.dev/lively/field/1867
67Wka0,https://acme.dev/clear/meadow/1868
vZYLAA,https://seeded.app/jade/network/1869
OF5Kms,https://acme.dev/proud/delta/1870
azX3AT,https://hackstack.io/proud/window/1871
fORCfo,https://seeded.app/ivory/garden/1872
H5iYcq,https://seeded.app/mellow/river/1873
EzyBDT,https://opswise.net/ivory/pioneer/1874
lizblm,https://seeded.app/vivid/zenith/1875
Vj3sPY,https://opswise.net/ivory/harvest/1876
3niwyy,https://example.com/vivid/quartz/1877
xpI2ep,https://seeded.app/silver/signal/1878
gz8aXk,https://hackstack.io/calm/signal/1879
Ro9V5L,https://seeded.app/rapid/trail/1880
RxaGeI,https://opswise.net/ember/uplink/1881
8YjiXr,https://relay.cloud/clear/network/1882
2rYWX3,https://opswise.net/mellow/field/1883
JJ25sz,https://hackstack.io/brisk/meadow/1884
Q52xvJ,https://opswise.net/mellow/yard/1885
4uBZVa,https://acme.dev/young/pioneer/1886
RFCQUK,https://acme.dev/proud/signal/1887
EZTe3n,https://hackstack.io/harbor/harvest/1888
7uEc1z,https://hackstack.io/proud/kernel/1889
taRonM,https://seeded.app/navy/beacon/1890
FjysOs,https://seeded.app/urban/beacon/1891
HDi4Qc,https://relay.cloud/urban/network/1892
rzkEUX,https://example.com/young/quartz/1893
o1GfDh,https://seeded.app/vivid/canyon/1894
3P4NJb,https://seeded.app/ember/kernel/1895
dPWMj4,https://seeded.app/cobalt/window/1896
aQh1FJ,https://example.com/harbor/network/1897
HhBCnt,https://example.com/proud/uplink/1898
0EmUD3,https://acme.dev/warm/river/1899
3xj1nQ,https://example.com/gold/kernel/1900
NOUkos,https://acme.dev/harbor/uplink/1901
ucvAYR,https://seeded.app/warm/delta/1902
k2RLiR,https://hackstack.io/urban/meadow/1903
AsAxcN,https://hackstack.io/amber/lagoon/1904
hCZM2O,https://example.com/lively/lagoon/1905
JD5RLZ,https://hackstack.io/clear/pioneer/1906
XG7P5F,https://hackstack.io/ember/engine/1907
3cSuUA,https://seeded.app/young/field/1908
6zXdlK,https://seeded.app/jade/island/1909
R2ydDz,https://example.com/urban/kernel/1910
l70K5F,https://seeded.app/rapid/valley/1911
oJf79x,https://relay.cloud/young/anchor/1912
vrCbzN,https://opswise.net/ember/signal/1913
oKyGom,https://opswise.net/silver/trail/1914
xU46ge,https://seeded.app/quiet/island/1915
KOBcH2,https://acme.dev/ivory/journey/1916
6xM7mj,https://hackstack.io/lively/network/1917
1Sh1i5,https://relay.cloud/urban/engine/1918
JeCXlP,https://acme.dev/lively/window/1919
mLqXIy,https://hackstack.io/dawn/field/1920
L3z2Xs,https://hackstack.io/harbor/field/1921
PP29Hj,https://hackstack.io/amber/island/1922
GNQaxC,https://example.com/urban/harvest/1923
MWtiPB,https://hackstack.io/mellow/field/1924
fs8EYR,https://hackstack.io/brisk/lagoon/1925
ab6fQs,https://seeded.app/rapid/lagoon/1926
PZ12K9,https://relay.cloud/lively/trail/1927
6roESe,https://opswise.net/keen/meadow/1928
1slkkw,https://hackstack.io/cobalt/delta/1929
9g0hXq,https://seeded.app/gold/window/1930
etmKXi,https://example.com/mellow/island/1931
J1RLHy,https://example.com/urban/river/1932
2wLca4,https://opswise.net/gold/trail/1933
BOe2PM,https://acme.dev/ivory/garden/1934
HXHP5f,https://seeded.app/lively/meadow/1935
kam4HJ,https://opswise.net/calm/orbit/1936
f6dr7e,https://seeded.app/ivory/garden/1937
9J1lTE,https://relay.cloud/forest/signal/1938
wksjdq,https://hackstack.io/forest/yard/1939
GIiWJR,https://opswise.net/clear/beacon/1940
s58lFH,https://acme.dev/dawn/kernel/1941
D7zBRf,https://seeded.app/forest/orbit/1942
tLFJQM,https://acme.dev/cobalt/uplink/1943
DkpyTp,https://seeded.app/jade/delta/1944
IULuDQ,https://relay.cloud/warm/delta/1945
Y2zOpm,https://seeded.app/proud/yard/1946
Ycas4w,https://opswise.net/cobalt/kernel/1947
MYIxTy,https://acme.dev/warm/engine/1948
aZdZGB,https://seeded.app/cobalt/river/1949
t5UpE4,https://example.com/dawn/quartz/1950
Djaluh,https://hackstack.io/jade/river/1951
gEu2g6,https://example.com/clear/lagoon/1952
2tbkNR,https://example.com/gold/orbit/1953
zixn4x,https://hackstack.io/keen/journey/1954
cvtYou,https://relay.cloud/mellow/garden/1955
1YlRC9,https://acme.dev/lively/kernel/1956
Wff2yi,https://opswise.net/harbor/delta/1957
1c6Btm,https://opswise.net/ember/signal/1958
XvXwzk,https://example.com/tidy/beacon/1959
AtNrrJ,https://seeded.app/proud/window/1960
TmyNtW,https://example.com/calm/pioneer/1961
oGr3te,https://hackstack.io/jade/kernel/1962
hPkiJw,https://opswise.net/dawn/network/1963
EILPo9,https://acme.dev/young/journey/1964
4gXODU,https://relay.cloud/urban/valley/1965
Dhi4fO,https://hackstack.io/brisk/garden/1966
9kND4Y,https://relay.cloud/rapid/island/1967
J8IAOF,https://relay.cloud/warm/orbit/1968
yA4aAo,https://seeded.app/ivory/harvest/1969
befa77,https://relay.cloud/dawn/valley/1970
3Td3Jx,https://example.com/amber/network/1971
1VHlgC,https://example.com/harbor/trail/1972
AHUWZq,https://opswise.net/clear/trail/1973
fU8WQF,https://opswise.net/lively/pioneer/1974
kBspjX,https://seeded.app/clear/beacon/1975
LGs5d0,https://hackstack.io/mellow/journey/1976
B0QEGK,https://opswise.net/silver/pioneer/1977
Re6MJ8,https://seeded.app/young/zenith/1978
lTiWgv,https://acme.dev/forest/harvest/1979
m2My3M,https://acme.dev/silver/meadow/1980
fy1bhp,https://relay.cloud/ivory/delta/1981
QOyaO9,https://example.com/gold/window/1982
YgtQ1v,https://relay.cloud/ivory/yard/1983
BOXnHP,https://opswise.net/gold/network/1984
2bmvPt,https://opswise.net/urban/network/1985
8L39IW,https://opswise.net/brisk/signal/1986
vRLDkZ,https://acme.dev/ember/island/1987
CYneCd,https://hackstack.io/harbor/anchor/1988
FqywmO,https://example.com/keen/journey/1989
JMoAi7,https://relay.cloud/calm/kernel/1990
STRFJ6,https://hackstack.io/quiet/uplink/1991
forMd9,https://example.com/cobalt/field/1992
L29qB7,https://example.com/navy/pioneer/1993
nIMbmo,https://hackstack.io/dawn/yard/1994
RY8v7I,https://acme.dev/dawn/yard/1995
aL3037,https://acme.dev/dawn/delta/1996
QFcOj7,https://hackstack.io/warm/zenith/1997
s7d7CQ,https://seeded.app/opal/delta/1998
Shrshz,https://relay.cloud/ember/meadow/1999
SYQGrC,https://relay.cloud/brisk/field/2000
