id,username,email,created_at
1,youngzenith97,youngzenith97@seeded.app,2025-07-09 01:24:26
2,warmnetwork34,warmnetwork34@hackstack.io,2024-07-15 18:18:55
3,clearisland92,clearisland92@opswise.net,2025-01-10 02:05:26
4,dawncanyon95,dawncanyon95@example.com,2025-01-20 21:46:09
5,emberengine84,emberengine84@example.com,2025-08-07 22:13:05
6,proudgarden14,proudgarden14@hackstack.io,2026-01-26 03:25:18
7,tidyzenith71,tidyzenith71@relay.cloud,2025-06-15 13:49:16
8,emberquartz87,emberquartz87@example.com,2026-02-01 16:25:12
9,amberuplink24,amberuplink24@seeded.app,2024-08-19 18:08:29
10,jadewindow17,jadewindow17@opswise.net,2024-11-28 12:29:49
11,silversignal63,silversignal63@example.com,2024-04-22 17:06:13
12,proudnetwork33,proudnetwork33@relay.cloud,2024-05-13 11:02:50
13,navyzenith11,navyzenith11@relay.cloud,2024-08-22 23:34:38
14,emberzenith54,emberzenith54@seeded.app,2024-11-07 01:26:12
15,harborpioneer92,harborpioneer92@acme.dev,2024-03-06 04:05:48
16,dawnjourney14,dawnjourney14@seeded.app,2025-06-18 17:15:55
17,briskkernel78,briskkernel78@hackstack.io,2025-08-18 20:16:57
18,clearisland02,clearisland02@seeded.app,2024-06-06 17:01:22
19,livelyriver03,livelyriver03@seeded.app,2025-09-07 04:07:35
20,keenbeacon45,keenbeacon45@acme.dev,2025-04-19 03:15:37
21,prouddelta25,prouddelta25@opswise.net,2025-01-12 22:52:46
22,opalharvest51,opalharvest51@hackstack.io,2024-11-06 04:55:36
23,calmpioneer21,calmpioneer21@example.com,2025-11-09 08:18:26
24,quietsignal40,quietsignal40@relay.cloud,2025-09-02 22:43:33
25,rapidorbit32,rapidorbit32@seeded.app,2024-06-29 04:18:12
26,opalvalley71,opalvalley71@relay.cloud,2024-08-08 16:43:39
27,mellowquartz74,mellowquartz74@hackstack.io,2026-01-23 08:08:56
28,opalkernel79,opalkernel79@hackstack.io,2024-07-28 16:59:23
29,ivorygarden94,ivorygarden94@example.com,2025-09-04 03:41:31
30,forestyard91,forestyard91@relay.cloud,2026-02-01 09:20:20
31,youngvalley02,youngvalley02@seeded.app,2024-10-02 10:47:09
32,harborwindow39,harborwindow39@seeded.app,2024-10-12 16:25:43
33,cobaltkernel46,cobaltkernel46@relay.cloud,2024-12-01 11:55:27
34,keenjourney47,keenjourney47@acme.dev,2025-05-08 06:37:49
35,silverriver89,silverriver89@relay.cloud,2025-11-22 01:20:20
36,prouduplink01,prouduplink01@relay.cloud,2024-11-10 09:18:36
37,goldvalley12,goldvalley12@seeded.app,2025-09-29 01:11:08
38,jadejourney35,jadejourney35@seeded.app,2024-11-17 15:31:53
39,rapidvalley60,rapidvalley60@example.com,2024-03-20 11:44:14
40,forestvalley98,forestvalley98@acme.dev,2025-09-18 17:19:01
41,embermeadow94,embermeadow94@seeded.app,2025-09-14 06:10:50
42,opalorbit69,opalorbit69@seeded.app,2024-07-27 18:50:40
43,calmkernel03,calmkernel03@hackstack.io,2024-08-13 06:36:40
44,opaltrail43,opaltrail43@relay.cloud,2024-08-05 06:37:53
45,ambergarden29,ambergarden29@acme.dev,2025-11-04 19:24:11
46,jademeadow93,jademeadow93@hackstack.io,2025-09-22 18:16:41
47,keenjourney95,keenjourney95@relay.cloud,2024-01-04 13:31:32
48,tidyzenith29,tidyzenith29@seeded.app,2024-04-22 19:05:11
49,amberharvest11,amberharvest11@seeded.app,2025-09-15 13:56:11
50,navyuplink40,navyuplink40@acme.dev,2025-09-15 13:02:29
51,opalzenith24,opalzenith24@hackstack.io,2025-04-02 16:29:18
52,goldquartz95,goldquartz95@opswise.net,2025-10-28 11:24:35
53,livelyisland97,livelyisland97@acme.dev,2024-08-19 10:11:05
54,clearwindow63,clearwindow63@relay.cloud,2025-03-24 01:02:31
55,opalpioneer20,opalpioneer20@acme.dev,2025-03-15 17:11:15
56,silvermeadow73,silvermeadow73@hackstack.io,2025-03-13 10:00:17
57,cobaltuplink40,cobaltuplink40@opswise.net,2024-03-29 04:42:09
58,forestdelta08,forestdelta08@example.com,2025-03-14 17:52:29
59,calmgarden01,calmgarden01@hackstack.io,2024-02-28 21:13:21
60,quietyard68,quietyard68@hackstack.io,2024-11-07 21:06:22
61,forestpioneer99,forestpioneer99@example.com,2024-08-03 00:23:44
62,quietisland48,quietisland48@seeded.app,2024-03-30 18:39:28
63,warmanchor89,warmanchor89@acme.dev,2025-02-16 23:18:40
64,livelyyard51,livelyyard51@opswise.net,2025-10-09 02:53:26
65,briskriver59,briskriver59@acme.dev,2025-11-21 00:01:47
66,warmkernel55,warmkernel55@seeded.app,2024-01-30 23:59:35
67,ivorycanyon44,ivorycanyon44@relay.cloud,2025-10-22 21:48:26
68,keenisland27,keenisland27@opswise.net,2024-06-21 19:16:36
69,livelymeadow72,livelymeadow72@opswise.net,2025-02-26 17:06:40
70,calmharvest51,calmharvest51@hackstack.io,2025-05-07 13:26:20
71,vividwindow27,vividwindow27@acme.dev,2024-03-17 14:31:53
72,urbanpioneer92,urbanpioneer92@acme.dev,2024-10-28 06:33:17
73,vividkernel35,vividkernel35@example.com,2024-03-28 15:53:53
74,mellowlagoon07,mellowlagoon07@opswise.net,2025-03-02 09:40:49
75,livelyisland12,livelyisland12@relay.cloud,2025-07-23 01:35:54
76,clearwindow24,clearwindow24@opswise.net,2025-04-26 22:07:08
77,forestcanyon02,forestcanyon02@relay.cloud,2024-09-08 10:57:12
78,mellowbeacon41,mellowbeacon41@acme.dev,2025-11-04 11:38:29
79,youngengine58,youngengine58@acme.dev,2024-08-17 20:27:11
80,ambercanyon89,ambercanyon89@seeded.app,2025-03-09 22:43:16
81,livelycanyon03,livelycanyon03@hackstack.io,2024-12-20 14:07:55
82,calmlagoon15,calmlagoon15@seeded.app,2024-06-04 19:40:57
83,navypioneer87,navypioneer87@hackstack.io,2025-10-13 18:55:56
84,proudcanyon88,proudcanyon88@relay.cloud,2024-09-27 03:16:56
85,navyquartz74,navyquartz74@relay.cloud,2024-11-15 09:35:20
86,amberyard65,amberyard65@hackstack.io,2025-08-21 23:07:05
87,navyyard95,navyyard95@hackstack.io,2025-06-11 23:25:11
88,livelycanyon91,livelycanyon91@relay.cloud,2025-04-25 23:37:46
89,mellowanchor55,mellowanchor55@acme.dev,2024-03-14 15:22:23
90,warmengine85,warmengine85@acme.dev,2025-03-06 21:50:45
91,keendelta16,keendelta16@seeded.app,2024-10-21 18:01:24
92,cobaltriver44,cobaltriver44@opswise.net,2025-12-19 07:55:26
93,proudlagoon09,proudlagoon09@seeded.app,2025-12-23 07:31:26
94,ivoryjourney07,ivoryjourney07@acme.dev,2026-01-23 19:10:14
95,silverlagoon19,silverlagoon19@opswise.net,2024-05-13 09:22:35
96,tidyriver29,tidyriver29@opswise.net,2025-01-26 09:27:06
97,rapidriver08,rapidriver08@seeded.app,2025-08-04 06:25:06
98,tidydelta44,tidydelta44@example.com,2024-07-14 07:49:23
99,navyanchor78,navyanchor78@seeded.app,2024-11-22 19:29:59
100,ivorywindow59,ivorywindow59@hackstack.io,2025-07-21 05:22:17
101,keenwindow70,keenwindow70@opswise.net,2025-01-25 20:14:06
102,warmwindow15,warmwindow15@acme.dev,2026-01-20 01:24:01
103,youngbeacon01,youngbeacon01@relay.cloud,2025-08-25 23:20:58
104,calmmeadow53,calmmeadow53@hackstack.io,2024-08-17 23:47:34
105,rapidlagoon39,rapidlagoon39@seeded.app,2024-02-23 15:33:59
106,dawnvalley26,dawnvalley26@example.com,2025-02-08 09:32:05
107,cobaltuplink69,cobaltuplink69@hackstack.io,2024-09-08 21:40:14
108,embernetwork41,embernetwork41@acme.dev,2025-06-16 01:43:47
109,amberanchor37,amberanchor37@example.com,2025-07-22 11:59:05
110,jadeorbit51,jadeorbit51@opswise.net,2024-09-01 21:18:57
111,tidydelta61,tidydelta61@hackstack.io,2025-07-01 07:46:59
112,proudpioneer45,proudpioneer45@seeded.app,2025-05-06 21:17:53
113,jadekernel09,jadekernel09@relay.cloud,2024-11-19 01:28:36
114,melloworbit99,melloworbit99@hackstack.io,2024-12-09 11:54:15
115,mellowlagoon57,mellowlagoon57@opswise.net,2024-11-07 23:46:49
116,urbanriver30,urbanriver30@example.com,2025-02-06 10:44:57
117,goldisland65,goldisland65@relay.cloud,2025-10-13 21:14:19
118,keenisland27,keenisland27@hackstack.io,2025-10-23 08:59:18
119,emberyard78,emberyard78@hackstack.io,2024-10-06 14:49:52
120,keenlagoon65,keenlagoon65@relay.cloud,2025-07-05 20:58:25
121,quietpioneer33,quietpioneer33@acme.dev,2025-05-18 20:38:37
122,vividfield32,vividfield32@relay.cloud,2025-04-19 10:59:49
123,emberanchor40,emberanchor40@acme.dev,2026-01-11 04:50:05
124,quietfield48,quietfield48@hackstack.io,2026-01-17 15:30:05
125,ivoryuplink96,ivoryuplink96@example.com,2025-10-27 17:23:06
126,keenwindow64,keenwindow64@relay.cloud,2025-03-24 21:20:27
127,tidyvalley27,tidyvalley27@hackstack.io,2024-04-23 08:28:47
128,tidyisland48,tidyisland48@seeded.app,2024-01-03 05:43:31
129,youngfield35,youngfield35@relay.cloud,2025-11-15 02:36:11
130,livelyvalley46,livelyvalley46@relay.cloud,2024-03-12 00:01:24
131,vividquartz21,vividquartz21@relay.cloud,2024-05-09 07:37:53
132,cobaltnetwork12,cobaltnetwork12@seeded.app,2024-06-13 15:42:38
133,ivoryvalley85,ivoryvalley85@relay.cloud,2025-06-08 21:58:20
134,youngcanyon35,youngcanyon35@hackstack.io,2025-02-19 17:09:08
135,harborzenith54,harborzenith54@relay.cloud,2026-01-23 04:40:03
136,proudfield95,proudfield95@acme.dev,2025-08-02 10:08:17
137,navyquartz94,navyquartz94@acme.dev,2025-10-13 16:41:42
138,harborisland05,harborisland05@acme.dev,2025-09-06 16:41:45
139,keenuplink63,keenuplink63@opswise.net,2025-01-10 15:07:25
140,ivoryuplink63,ivoryuplink63@opswise.net,2025-07-26 14:59:58
141,proudbeacon26,proudbeacon26@example.com,2026-01-12 17:57:34
142,mellowtrail64,mellowtrail64@relay.cloud,2025-08-19 04:39:49
143,mellowkernel49,mellowkernel49@seeded.app,2024-05-21 07:52:29
144,keenriver75,keenriver75@relay.cloud,2025-11-09 16:35:24
145,warmcanyon39,warmcanyon39@acme.dev,2025-04-22 23:27:31
146,keenuplink54,keenuplink54@opswise.net,2024-05-15 14:42:29
147,cobaltkernel67,cobaltkernel67@example.com,2024-06-11 02:15:52
148,urbananchor45,urbananchor45@example.com,2025-06-22 14:35:22
149,rapidyard72,rapidyard72@example.com,2025-09-26 15:37:49
150,clearquartz64,clearquartz64@acme.dev,2024-06-03 11:30:54
151,clearnetwork76,clearnetwork76@example.com,2024-01-30 11:23:07
152,goldjourney68,goldjourney68@opswise.net,2024-02-19 13:56:30
153,vividriver25,vividriver25@relay.cloud,2025-09-05 23:51:31
154,mellowmeadow99,mellowmeadow99@hackstack.io,2025-12-21 12:57:51
155,mellowengine32,mellowengine32@opswise.net,2024-05-31 00:36:57
156,rapidtrail08,rapidtrail08@opswise.net,2025-09-17 07:15:51
157,silvervalley97,silvervalley97@seeded.app,2024-08-31 13:08:35
158,calmfield98,calmfield98@hackstack.io,2025-03-16 23:30:47
159,clearisland14,clearisland14@hackstack.io,2024-02-14 10:40:17
160,ivoryvalley91,ivoryvalley91@seeded.app,2025-05-07 08:39:04
161,urbanvalley20,urbanvalley20@example.com,2024-04-16 03:18:03
162,vividisland05,vividisland05@acme.dev,2025-03-03 17:40:50
163,quietriver92,quietriver92@opswise.net,2025-04-26 08:32:53
164,mellowdelta96,mellowdelta96@hackstack.io,2024-07-29 05:27:26
165,goldriver75,goldriver75@seeded.app,2025-04-09 18:49:01
166,goldpioneer22,goldpioneer22@example.com,2025-07-22 16:21:25
167,quietyard74,quietyard74@hackstack.io,2024-07-22 06:52:18
168,emberorbit44,emberorbit44@seeded.app,2025-08-19 21:43:07
169,forestmeadow86,forestmeadow86@opswise.net,2024-10-30 06:08:30
170,mellowgarden81,mellowgarden81@relay.cloud,2025-07-31 21:56:06
171,briskwindow30,briskwindow30@opswise.net,2024-11-06 00:25:49
172,amberyard08,amberyard08@seeded.app,2025-12-14 18:25:50
173,cobaltyard24,cobaltyard24@hackstack.io,2024-09-25 17:18:14
174,golduplink50,golduplink50@example.com,2024-11-15 05:38:41
175,urbannetwork59,urbannetwork59@seeded.app,2025-10-07 11:32:17
176,harborjourney04,harborjourney04@seeded.app,2025-06-02 02:23:20
177,opalkernel35,opalkernel35@hackstack.io,2025-06-05 02:38:45
178,youngbeacon04,youngbeacon04@acme.dev,2025-07-20 04:43:59
179,emberbeacon75,emberbeacon75@acme.dev,2024-05-29 03:54:54
180,rapidgarden40,rapidgarden40@hackstack.io,2024-12-21 23:12:38
181,navygarden90,navygarden90@opswise.net,2024-09-16 07:26:44
182,emberyard09,emberyard09@seeded.app,2025-04-22 02:17:27
183,dawngarden32,dawngarden32@hackstack.io,2026-01-27 22:21:57
184,goldsignal09,goldsignal09@seeded.app,2025-04-19 10:36:57
185,dawnwindow88,dawnwindow88@example.com,2024-01-09 06:53:49
186,tidywindow55,tidywindow55@opswise.net,2024-03-10 06:15:17
187,mellowharvest30,mellowharvest30@acme.dev,2025-01-08 08:10:38
188,opalwindow71,opalwindow71@hackstack.io,2024-01-28 19:05:11
189,tidyvalley91,tidyvalley91@seeded.app,2024-02-03 06:21:51
190,harborjourney86,harborjourney86@hackstack.io,2024-08-07 03:00:34
191,mellowsignal70,mellowsignal70@relay.cloud,2025-02-27 22:04:34
192,forestbeacon37,forestbeacon37@seeded.app,2025-03-09 10:21:50
193,silvervalley57,silvervalley57@opswise.net,2025-12-02 12:18:50
194,keenwindow00,keenwindow00@example.com,2025-04-25 12:51:51
195,briskyard92,briskyard92@relay.cloud,2025-09-20 19:21:53
196,calmuplink67,calmuplink67@example.com,2025-09-16 19:24:30
197,quietisland42,quietisland42@seeded.app,2025-07-21 11:21:48
198,silvernetwork78,silvernetwork78@relay.cloud,2025-03-11 18:25:00
199,calmriver14,calmriver14@example.com,2024-08-08 09:22:01
200,harbormeadow93,harbormeadow93@seeded.app,2024-05-27 01:38:50
201,forestriver04,forestriver04@example.com,2024-08-25 04:05:51
202,clearyard84,clearyard84@acme.dev,2025-06-17 11:19:42
203,livelyvalley60,livelyvalley60@relay.cloud,2024-09-15 23:02:39
204,vividsignal73,vividsignal73@example.com,2024-03-16 15:28:23
205,briskcanyon85,briskcanyon85@example.com,2025-05-22 18:15:57
206,jadesignal81,jadesignal81@acme.dev,2024-12-01 11:07:32
207,mellowdelta67,mellowdelta67@opswise.net,2025-10-09 01:22:43
208,clearuplink41,clearuplink41@seeded.app,2024-08-26 22:27:00
209,keenfield45,keenfield45@example.com,2024-03-14 15:10:04
210,amberorbit56,amberorbit56@example.com,2024-01-05 13:42:55
211,rapidyard34,rapidyard34@opswise.net,2024-01-10 14:06:08
212,jadezenith64,jadezenith64@opswise.net,2025-07-20 00:44:41
213,amberwindow46,amberwindow46@example.com,2024-01-14 08:21:26
214,harborsignal27,harborsignal27@relay.cloud,2026-01-12 14:37:10
215,warmorbit52,warmorbit52@hackstack.io,2024-01-21 02:42:58
216,keenquartz46,keenquartz46@hackstack.io,2024-04-13 12:26:35
217,opalharvest55,opalharvest55@opswise.net,2025-12-30 06:30:18
218,quietzenith38,quietzenith38@seeded.app,2025-06-12 18:57:46
219,goldriver38,goldriver38@hackstack.io,2024-06-17 04:25:15
220,navygarden00,navygarden00@seeded.app,2025-04-28 09:09:55
221,proudpioneer62,proudpioneer62@seeded.app,2025-05-14 03:23:10
222,ivorysignal67,ivorysignal67@acme.dev,2025-04-17 10:11:04
223,youngwindow48,youngwindow48@hackstack.io,2025-04-02 04:45:42
224,keenzenith26,keenzenith26@acme.dev,2025-02-26 03:10:39
225,vividisland19,vividisland19@seeded.app,2025-12-15 14:02:35
226,calmisland70,calmisland70@seeded.app,2024-05-25 04:02:41
227,navyisland56,navyisland56@hackstack.io,2024-11-13 19:27:21
228,harborjourney59,harborjourney59@opswise.net,2025-09-23 23:34:24
229,jadejourney88,jadejourney88@opswise.net,2024-08-09 18:15:59
230,dawnriver79,dawnriver79@relay.cloud,2025-10-06 22:38:23
231,briskcanyon89,briskcanyon89@seeded.app,2025-12-30 11:09:11
232,proudbeacon24,proudbeacon24@acme.dev,2025-05-03 04:09:51
233,emberorbit51,emberorbit51@example.com,2025-12-12 14:13:56
234,goldzenith61,goldzenith61@acme.dev,2025-05-13 14:35:54
235,rapidcanyon95,rapidcanyon95@seeded.app,2025-09-23 00:17:34
236,keenpioneer18,keenpioneer18@seeded.app,2024-06-06 04:33:16
237,clearengine53,clearengine53@relay.cloud,2024-09-23 19:31:50
238,livelyorbit40,livelyorbit40@opswise.net,2025-06-07 07:46:52
239,keendelta37,keendelta37@seeded.app,2025-11-04 03:07:22
240,warmbeacon71,warmbeacon71@seeded.app,2024-03-12 20:56:58
241,urbanbeacon68,urbanbeacon68@acme.dev,2025-12-18 17:28:27
242,ivorymeadow55,ivorymeadow55@seeded.app,2024-03-29 15:17:45
243,mellowzenith18,mellowzenith18@example.com,2025-09-04 01:29:58
244,embernetwork87,embernetwork87@acme.dev,2024-07-28 01:17:15
245,amberharvest92,amberharvest92@hackstack.io,2025-04-15 01:54:13
246,youngengine29,youngengine29@seeded.app,2025-01-03 12:56:30
247,warmpioneer10,warmpioneer10@relay.cloud,2025-02-07 00:48:35
248,keenisland92,keenisland92@acme.dev,2026-01-02 03:53:29
249,clearjourney09,clearjourney09@opswise.net,2025-09-21 14:00:35
250,tidygarden35,tidygarden35@opswise.net,2024-04-30 03:54:43
251,tidyjourney76,tidyjourney76@acme.dev,2024-06-16 17:45:46
252,warmyard32,warmyard32@relay.cloud,2024-08-11 00:13:45
253,keenisland30,keenisland30@opswise.net,2025-06-19 04:42:57
254,calmwindow57,calmwindow57@example.com,2024-09-03 05:42:55
255,vividanchor32,vividanchor32@relay.cloud,2024-06-12 10:08:46
256,warmjourney64,warmjourney64@opswise.net,2024-11-09 13:00:28
257,jadezenith43,jadezenith43@example.com,2025-05-02 22:09:05
258,emberjourney88,emberjourney88@acme.dev,2024-12-28 21:07:01
259,keenriver50,keenriver50@opswise.net,2025-05-21 00:30:23
260,tidyzenith60,tidyzenith60@relay.cloud,2025-07-15 08:52:10
261,quietgarden03,quietgarden03@relay.cloud,2025-11-02 14:43:11
262,keenquartz90,keenquartz90@opswise.net,2024-06-27 03:52:37
263,emberisland31,emberisland31@hackstack.io,2024-11-13 12:57:02
264,calmmeadow16,calmmeadow16@seeded.app,2024-10-27 15:20:40
265,opalmeadow53,opalmeadow53@hackstack.io,2024-01-13 03:07:15
266,clearlagoon32,clearlagoon32@example.com,2025-04-11 23:19:29
267,amberriver30,amberriver30@hackstack.io,2024-12-03 18:49:36
268,urbanpioneer96,urbanpioneer96@opswise.net,2024-08-29 02:08:37
269,clearharvest38,clearharvest38@seeded.app,2024-09-07 06:03:47
270,keenisland17,keenisland17@relay.cloud,2025-06-03 17:51:40
271,dawnuplink05,dawnuplink05@seeded.app,2024-10-15 15:30:02
272,navyzenith80,navyzenith80@relay.cloud,2024-04-21 05:22:11
273,urbantrail36,urbantrail36@relay.cloud,2024-10-31 03:13:56
274,clearzenith39,clearzenith39@example.com,2025-01-06 17:35:24
275,proudzenith44,proudzenith44@relay.cloud,2024-04-25 03:45:15
276,ivoryquartz93,ivoryquartz93@example.com,2025-05-11 17:45:11
277,silverengine18,silverengine18@seeded.app,2025-02-20 06:44:52
278,warmnetwork37,warmnetwork37@relay.cloud,2025-08-05 07:48:33
279,amberpioneer21,amberpioneer21@opswise.net,2025-11-09 13:43:28
280,quietorbit88,quietorbit88@hackstack.io,2025-04-09 08:42:52
281,silverkernel79,silverkernel79@acme.dev,2026-01-18 04:33:37
282,rapidyard92,rapidyard92@example.com,2024-04-24 09:09:45
283,vividorbit35,vividorbit35@acme.dev,2024-05-31 09:58:42
284,clearbeacon81,clearbeacon81@hackstack.io,2025-10-23 19:04:35
285,quietyard04,quietyard04@opswise.net,2025-12-03 01:14:29
286,goldkernel82,goldkernel82@example.com,2024-12-16 02:10:37
287,cobaltdelta96,cobaltdelta96@acme.dev,2024-04-10 00:44:22
288,vividmeadow15,vividmeadow15@relay.cloud,2024-01-11 07:05:10
289,goldmeadow93,goldmeadow93@acme.dev,2025-09-02 12:13:30
290,silverwindow61,silverwindow61@opswise.net,2024-05-28 14:17:56
291,cobaltengine71,cobaltengine71@acme.dev,2024-08-09 10:14:45
292,urbanyard04,urbanyard04@relay.cloud,2025-09-19 06:41:22
293,emberpioneer66,emberpioneer66@acme.dev,2024-07-25 19:28:32
294,jadeharvest57,jadeharvest57@opswise.net,2025-02-25 21:01:15
295,cobaltwindow74,cobaltwindow74@opswise.net,2024-08-26 13:23:24
296,dawnkernel50,dawnkernel50@opswise.net,2025-03-31 12:35:52
297,clearbeacon20,clearbeacon20@seeded.app,2026-01-26 10:42:16
298,golduplink29,golduplink29@relay.cloud,2024-07-12 00:37:14
299,goldriver56,goldriver56@seeded.app,2024-09-13 03:08:38
300,forestnetwork14,forestnetwork14@seeded.app,2024-10-24 23:10:24
301,vividuplink79,vividuplink79@relay.cloud,2025-09-03 06:26:48
302,silveruplink31,silveruplink31@acme.dev,2024-11-18 02:19:34
303,foresttrail21,foresttrail21@hackstack.io,2025-02-22 08:15:03
304,silverharvest41,silverharvest41@acme.dev,2024-05-30 09:39:34
305,youngpioneer77,youngpioneer77@acme.dev,2025-02-05 08:48:38
306,tidyorbit69,tidyorbit69@acme.dev,2025-09-28 04:40:56
307,harborquartz16,harborquartz16@example.com,2024-12-20 03:53:48
308,ivorynetwork07,ivorynetwork07@seeded.app,2025-11-26 20:23:52
309,goldharvest38,goldharvest38@seeded.app,2025-03-03 05:04:51
310,mellowgarden15,mellowgarden15@hackstack.io,2025-09-06 21:38:01
311,rapidfield34,rapidfield34@hackstack.io,2024-11-04 18:24:49
312,goldzenith19,goldzenith19@relay.cloud,2024-10-14 20:38:44
313,quietzenith89,quietzenith89@hackstack.io,2025-10-25 13:57:51
314,briskwindow75,briskwindow75@opswise.net,2025-06-01 17:17:22
315,ambertrail05,ambertrail05@acme.dev,2025-08-19 23:21:24
316,cobaltyard35,cobaltyard35@acme.dev,2024-04-23 09:18:33
317,golduplink16,golduplink16@acme.dev,2025-07-04 05:11:29
318,opaljourney70,opaljourney70@opswise.net,2024-09-03 02:28:14
319,forestsignal30,forestsignal30@opswise.net,2024-04-29 22:14:16
320,keenquartz80,keenquartz80@example.com,2024-10-29 01:41:55
321,quietwindow95,quietwindow95@example.com,2024-07-17 15:10:59
322,ivoryanchor93,ivoryanchor93@opswise.net,2024-06-30 17:53:16
323,urbanisland61,urbanisland61@hackstack.io,2024-04-29 08:47:55
324,quietuplink08,quietuplink08@acme.dev,2024-07-05 06:12:11
325,mellowgarden32,mellowgarden32@example.com,2025-12-17 05:03:39
326,emberdelta55,emberdelta55@opswise.net,2024-06-21 13:15:35
327,briskmeadow49,briskmeadow49@hackstack.io,2024-09-27 17:45:20
328,warmgarden68,warmgarden68@opswise.net,2025-01-07 12:30:43
329,briskisland93,briskisland93@acme.dev,2024-08-20 08:41:30
330,amberisland30,amberisland30@relay.cloud,2024-01-23 09:49:11
331,dawnriver23,dawnriver23@seeded.app,2024-01-17 02:54:31
332,livelynetwork46,livelynetwork46@relay.cloud,2024-09-03 16:52:48
333,youngbeacon36,youngbeacon36@opswise.net,2025-08-22 05:36:14
334,amberanchor85,amberanchor85@seeded.app,2024-12-13 08:58:12
335,ivorysignal12,ivorysignal12@acme.dev,2024-09-02 04:14:13
336,cobaltcanyon21,cobaltcanyon21@hackstack.io,2025-11-10 12:11:26
337,youngyard26,youngyard26@opswise.net,2024-11-22 09:55:11
338,navypioneer99,navypioneer99@example.com,2024-06-10 10:38:40
339,harborlagoon97,harborlagoon97@example.com,2024-04-26 21:16:09
340,opaljourney89,opaljourney89@acme.dev,2025-04-29 10:43:28
341,quietnetwork67,quietnetwork67@opswise.net,2025-03-17 22:54:17
342,tidymeadow43,tidymeadow43@relay.cloud,2025-03-25 22:23:38
343,silverpioneer35,silverpioneer35@example.com,2025-07-13 08:27:28
344,keenuplink39,keenuplink39@seeded.app,2024-08-19 17:26:46
345,dawnwindow93,dawnwindow93@acme.dev,2024-05-15 00:45:16
346,proudharvest69,proudharvest69@acme.dev,2025-06-07 21:55:17
347,ivorynetwork41,ivorynetwork41@acme.dev,2024-01-02 13:15:14
348,vividtrail13,vividtrail13@relay.cloud,2024-01-03 04:51:11
349,warmharvest72,warmharvest72@seeded.app,2025-12-22 00:34:59
350,clearzenith35,clearzenith35@acme.dev,2025-12-09 00:37:16
351,urbancanyon03,urbancanyon03@example.com,2024-06-16 13:27:20
352,opalmeadow92,opalmeadow92@acme.dev,2025-09-01 08:27:19
353,mellowlagoon37,mellowlagoon37@example.com,2024-05-20 13:05:37
354,mellowanchor24,mellowanchor24@acme.dev,2025-06-21 08:19:26
355,quietgarden31,quietgarden31@relay.cloud,2024-03-26 21:40:50
356,tidyisland88,tidyisland88@example.com,2024-03-01 06:18:53
357,jadetrail27,jadetrail27@relay.cloud,2024-08-03 07:48:25
358,calmsignal63,calmsignal63@opswise.net,2025-02-10 20:49:01
359,ivoryharvest20,ivoryharvest20@relay.cloud,2025-09-27 09:48:14
360,urbanquartz11,urbanquartz11@opswise.net,2025-04-14 19:16:13
361,vividengine93,vividengine93@opswise.net,2025-11-13 17:06:54
362,ambernetwork01,ambernetwork01@seeded.app,2025-01-02 08:47:33
363,cobaltquartz22,cobaltquartz22@acme.dev,2025-07-17 02:11:22
364,urbanuplink89,urbanuplink89@example.com,2024-04-29 11:02:04
365,proudengine39,proudengine39@hackstack.io,2025-12-12 20:06:58
366,emberwindow42,emberwindow42@hackstack.io,2024-10-22 05:01:52
367,brisklagoon04,brisklagoon04@acme.dev,2024-10-06 18:56:17
368,vividorbit50,vividorbit50@seeded.app,2024-11-08 19:23:57
369,goldisland87,goldisland87@example.com,2025-06-01 10:48:57
370,goldriver80,goldriver80@opswise.net,2026-01-16 11:22:38
371,warmbeacon95,warmbeacon95@seeded.app,2025-04-17 16:24:35
372,quietvalley83,quietvalley83@acme.dev,2025-05-16 00:51:54
373,prouduplink29,prouduplink29@opswise.net,2024-06-11 22:45:50
374,vividuplink40,vividuplink40@seeded.app,2024-02-18 04:59:31
375,keenengine97,keenengine97@acme.dev,2024-01-22 14:09:12
376,embermeadow56,embermeadow56@example.com,2024-08-10 03:27:17
377,briskjourney82,briskjourney82@example.com,2024-01-22 15:47:14
378,amberengine87,amberengine87@example.com,2024-06-18 04:18:47
379,vividwindow42,vividwindow42@relay.cloud,2024-10-06 07:51:09
380,harborvalley32,harborvalley32@hackstack.io,2025-07-22 20:52:25
381,keenorbit82,keenorbit82@example.com,2025-04-13 07:29:43
382,dawnyard55,dawnyard55@seeded.app,2025-11-15 10:01:29
383,calmtrail60,calmtrail60@hackstack.io,2024-10-01 02:18:54
384,silverriver72,silverriver72@seeded.app,2025-02-11 04:05:11
385,livelyengine27,livelyengine27@hackstack.io,2024-04-13 22:03:51
386,amberuplink98,amberuplink98@seeded.app,2025-05-28 06:33:21
387,tidylagoon93,tidylagoon93@hackstack.io,2024-08-06 05:01:56
388,livelyzenith73,livelyzenith73@acme.dev,2024-09-30 01:45:11
389,quietuplink83,quietuplink83@relay.cloud,2025-12-31 21:28:54
390,mellowwindow02,mellowwindow02@example.com,2024-01-30 10:49:26
391,opalcanyon90,opalcanyon90@hackstack.io,2026-01-18 18:16:27
392,opalsignal30,opalsignal30@hackstack.io,2026-01-21 18:29:05
393,navyharvest60,navyharvest60@opswise.net,2024-02-04 00:03:49
394,livelyorbit54,livelyorbit54@seeded.app,2025-01-21 16:20:22
395,mellowsignal09,mellowsignal09@seeded.app,2025-07-09 19:24:58
396,livelykernel00,livelykernel00@relay.cloud,2024-05-22 02:01:49
397,livelyanchor14,livelyanchor14@acme.dev,2024-10-14 01:51:28
398,calmtrail47,calmtrail47@hackstack.io,2026-01-14 15:05:54
399,ambernetwork82,ambernetwork82@hackstack.io,2024-06-13 20:00:37
400,calmdelta37,calmdelta37@seeded.app,2024-07-29 11:38:58
